frame,Period,Time [s],Home_1_x,Home_1_y,Home_2_x,Home_2_y,Home_3_x,Home_3_y,Home_4_x,Home_4_y,Home_5_x,Home_5_y,Home_6_x,Home_6_y,Home_7_x,Home_7_y,Home_8_x,Home_8_y,Home_9_x,Home_9_y,Home_10_x,Home_10_y,ball_x,ball_y
0,1,0.0,8.725170068027225,-20.428571428571438,-12.61904761904762,25.42857142857143,12.440841015378524,24.284477301458686,-2.956462585034025,28.0,-0.21853532916833984,11.840577052471424,3.965986394557831,5.142857142857146,22.425850340136037,18.0,23.291156462585022,0.2857142857142847,8.86938775510204,18.85714285714286,-9.734693877551031,-0.1428571428571317,12.440841015378524,85.71246661979218
1,1,0.05,8.758553463268974,-20.421362483394482,-12.580065368771088,25.367898800885506,12.518135899494638,24.313199512367618,-2.799208467386947,27.95785945378151,-0.13522605635358076,12.117248057743389,4.164883369347734,5.229769747899169,22.553194823348093,18.096462386006877,23.247663133100318,0.28856374455820344,9.130149973076144,19.017899507156137,-9.711395915646968,-0.15750714509378128,11.862067975786658,84.12830671862672
2,1,0.1,8.775288715445555,-20.420890910140137,-12.546000442669587,25.307294130721623,12.586795128015524,24.340271652209267,-2.6513239749232937,27.91720896358543,-0.06334598311982376,12.378331622780436,4.353569449112975,5.306919887955189,22.674043941739228,18.188004587229926,23.208811276316368,0.2911091180264478,9.375924668693656,19.167096468881013,-9.69313732666508,-0.171620505065178,11.289600634680625,82.56140614712379
3,1,0.15,8.775705785282113,-20.42693754801099,-12.516823165301055,25.24669277779733,12.646988767860606,24.36572621677969,-2.512697126850753,27.878007773109253,-0.002757603782342244,12.624099278529066,4.532156614645871,5.374472268907567,22.788510381654916,18.274711962637767,23.17443707554976,0.2933611385440358,9.60697927530493,19.304949600816627,-9.679887952322467,-0.18532870810459912,10.72343899206043,81.01176490528334
4,1,0.2,8.760134633503782,-20.4392832362097,-12.492503861223298,25.186030101830106,12.698886885949321,24.389595701874967,-2.383215942376971,27.840215126050417,0.04667658734361879,12.854822555935797,4.7007568467386776,5.432591596638652,22.896706829440603,18.356669871199045,23.144376714116802,0.29533053853595703,9.823581226260266,19.431674761462155,-9.6716176343363,-0.19876323954526498,10.163583047926046,79.47938299310539
5,1,0.25,8.72890522083582,-20.45770881393889,-12.473012854994238,25.12524146253748,12.742659549201065,24.411912603291164,-2.262768440709614,27.80379026610644,0.08509409594274331,13.07077298594718,4.859482126183806,5.481442577030812,22.998745971441608,18.433963671882417,23.118466375333995,0.2970280504272722,10.025997954909954,19.547487809316742,-9.668296214423684,-0.21205558472045993,9.610032802277487,77.96426041058996
6,1,0.3,8.682347508003417,-20.481995120401137,-12.458320471171696,25.06426221963691,12.778476824535318,24.43270941682438,-2.1512426410564203,27.76869243697478,0.11263242769985027,13.27222209950969,5.008444433773519,5.5211899159663815,23.094740494003503,18.5066787236565,23.096542242517813,0.29846440664301355,10.214496894604366,19.652604602879528,-9.66989353430175,-0.22533722896340436,9.062788255114782,76.46639715773703
7,1,0.35,8.620791455731727,-20.51192299479913,-12.448397034313572,25.00302773284593,12.806508778871446,24.452018638270687,-2.0485265626250637,27.734880882352925,0.12942908829955968,13.459441427569892,5.147755750300142,5.55199831932773,23.184803083471536,18.574900385489975,23.078440498984577,0.2996503396082062,10.389345478693734,19.7472410006497,-9.676379435687664,-0.23873965760735416,8.521849406437852,74.98579323454659
8,1,0.4,8.544567024746001,-20.547273276335478,-12.443212868977696,24.94147336188201,12.826925479128917,24.469872763426196,-1.9545082246231829,27.702314845938382,0.1356215834266905,13.632702501074249,5.2775280565559655,5.574032492997205,23.269046426191267,18.638714016351457,23.063997328050846,0.30059658174781845,10.550811140528445,19.831612861126395,-9.68772376029856,-0.25239435598558657,7.987216256246789,73.52244864101867
9,1,0.45,8.454004175771345,-20.587826804212792,-12.442738299721967,24.879534466462687,12.839896992227153,24.486304288086934,-1.8690756462585085,27.670953571428555,0.13134741876597644,13.792276850969337,5.3978733333333295,5.58745714285714,23.347583208508055,18.698204975209613,23.053048913033024,0.3013138654869607,10.699161313458795,19.905936042808776,-9.703896349851533,-0.26643280943132197,7.458888804541537,72.07636337715323
10,1,0.5,8.349432869533075,-20.633364417633707,-12.446943651104249,24.81714640630546,12.845593385085593,24.50134570804903,-1.7921168467387076,27.640756302521005,0.11674410000209434,13.938436008201627,5.5089035614245745,5.592436974789898,23.420526116767277,18.75345862103306,23.0454314372476,0.30181292325057996,10.834663430835093,19.97042640419599,-9.724867046063778,-0.2809865032778447,6.936867051322103,70.64753744295031
11,1,0.55,8.231183066756259,-20.683666955800863,-12.455799247682378,24.75424454112781,12.844184724623616,24.515029519108538,-1.723519845271447,27.611682282913172,0.09194913281982053,14.071451503717682,5.610730721621977,5.589136694677876,23.487987837314407,18.80456031279047,23.040981084010895,0.30210448746371554,10.957584926007648,20.0252998037872,-9.750605690652407,-0.2961869228583609,6.421150996588501,69.23597083840991
12,1,0.6,8.099584728166164,-20.738515257916863,-12.469275414014234,24.69076423064724,12.835841077760648,24.52738821706155,-1.663172661064415,27.583690756302524,0.0571000229038745,14.191594868463987,5.703466794717883,5.577721008403351,23.550081056494875,18.851595409450468,23.039534036639452,0.30219929055142103,11.068193232326792,20.070772100081548,-9.781082125334507,-0.31216555350616204,5.911740640340703,67.841663563532
13,1,0.65,7.954967814487958,-20.797690163184328,-12.487342474657737,24.62664083458128,12.820732511416196,24.53845429770415,-1.6109633133253496,27.556740966386556,0.012334275939018369,14.29913763338709,5.787223761504606,5.558354621848736,23.606918460654057,18.894649269981713,23.040926478449734,0.30210806493872866,11.166755783142833,20.107059151578227,-9.816266191827317,-0.3290538805544969,5.408635982578772,66.4646156183166
14,1,0.7,7.797662286446872,-20.86097251080595,-12.509970754170652,24.561809712647396,12.799029092509556,24.54826025683242,-1.5667798212618678,27.530792156862738,-0.04221060239007102,14.39435132943349,5.862113602774471,5.531202240896356,23.658612736137385,18.933807253352803,23.0449945927581,0.30184154305063515,11.253540011806052,20.134376816776374,-9.856127731847877,-0.3469833893365859,4.911837023302631,65.10482700276367
15,1,0.75,7.627998104768061,-20.928143139984293,-12.537130577110936,24.49620622456309,12.77090088796028,24.55683859024242,-1.5305102040816507,27.505803571428572,-0.10639710639859601,14.477507487549701,5.928248299319762,5.496428571428581,23.705276569290277,18.96915471853243,23.051574562881044,0.30141045731216565,11.328813351666838,20.15294095417513,-9.900636587113361,-0.366085565185692,4.421343762512329,63.762297716873256
16,1,0.8,7.446305230176712,-20.998982889921997,-12.568792268036404,24.429765730045887,12.736517964687735,24.56422179373027,-1.5020424809924293,27.481734453781506,-0.18008773040187265,14.54887763868227,5.985739831932783,5.4541983193277375,23.74702264645815,19.000777024489253,23.060502572134922,0.3008255401483382,11.392843236075464,20.162967422273653,-9.949762599340914,-0.38649189343505697,3.9371562002078733,62.437027760645364
17,1,0.85,7.252913623398044,-21.073272599821685,-12.604926151504962,24.362423588813286,12.696050389611358,24.57044236309202,-1.4812646712018207,27.458544047619057,-0.26314496871516013,14.608733313777691,6.0347001814058885,5.404676190476188,23.78396365398646,19.028759530191884,23.07161480383634,0.3000975239842063,11.445897098382233,20.16467207957112,-10.003475610247648,-0.4083338594179864,3.4592743363892424,61.12901713407997
18,1,0.9,7.048153245157195,-21.150793108885978,-12.64550255207444,24.29411516058279,12.649668229650516,24.575532794123767,-1.4680647939175913,27.43619159663865,-0.35543131565371056,14.657346043782496,6.075241328531419,5.3480268907562944,23.81621227822056,19.05318759460895,23.084747441301573,0.29923714124477385,11.488242371937474,20.158270784566653,-10.061745461550728,-0.43174294846767225,2.9876981710564223,59.83826583717707
19,1,0.95,6.832354056179462,-21.23132525631754,-12.690491794302702,24.224775805071886,12.597541551724746,24.579525582621592,-1.4623308683473581,27.414636344537804,-0.456809265532776,14.6949873596432,6.107475254101651,5.284415126050426,23.84388120550595,19.074146576709126,23.099736667847182,0.29825512435505175,11.520146490091506,20.143979395759438,-10.124541994967267,-0.4568506459173989,2.5224277042093917,58.56477386993667
20,1,1.0,6.605846017189954,-21.31464988131897,-12.73986420274764,24.15434088199808,12.539840422753386,24.582453224381545,-1.463950913698831,27.393837535014,-0.5671413126676441,14.721928792306315,6.13151393890891,5.214005602240903,23.86708312218795,19.09172183546106,23.116418666789542,0.29716220574008645,11.541876886194657,20.122013771648618,-10.191835052214408,-0.48378843710036534,2.0634629358482357,57.30854123235879
21,1,1.05,6.368959088913897,-21.4005478230929,-12.79359010196712,24.08274575107889,12.476734909655917,24.584348215199746,-1.4728129491796906,27.373754411764715,-0.6862899513735599,14.73844187271839,6.147469363745493,5.136963025210086,23.885930714612087,19.105998729833367,23.13462962144507,0.2959691178249031,11.553700993597204,20.092589770733348,-10.263594475009292,-0.5126878073498915,1.6108038659728976,56.0695679244434
22,1,1.1,6.122023232076458,-21.48879992084194,-12.85163981651899,24.009925772031814,12.408395079351706,24.585243050872258,-1.4888049939975971,27.354346218487414,-0.8141176759658535,14.744798131825902,6.155453509403792,5.053452100840325,23.90053666912364,19.11706261879469,23.154205715130303,0.2946865930345055,11.55588624564949,20.055923251512795,-10.339790105069063,-0.5436802419991835,1.1644504945833631,54.8478539461905
23,1,1.15,5.865368407402848,-21.579187013768752,-12.913983670961123,23.935816304574324,12.334990998760247,24.58517022719517,-1.5118150673602813,27.335572198879568,-0.9504869807596918,14.741269100575401,6.155578356676017,4.963637535014001,23.911013672068194,19.124998861313706,23.17498313116161,0.29332536379393304,11.54870007570183,20.01223007248609,-10.420391784110826,-0.5768972263815186,0.7244028216796892,53.64339929760012
24,1,1.2,5.599324575618297,-21.671489941075926,-12.980591989851384,23.86035270842396,12.256692734800865,24.584162239964584,-1.5417311884753886,27.317391596638657,-1.0952603600704194,14.728126309913392,6.147955886354552,4.867684033613436,23.917474409791083,19.129892816359046,23.19679805285547,0.29189616252822503,11.532409917104559,19.961726092152432,-10.505369353851755,-0.6124702458301172,0.29066084726181884,52.45620397867226
25,1,1.25,5.324221697447882,-21.765489541966115,-13.051435097747635,23.783470343298205,12.173670354393124,24.582251584976518,-1.5784413765506216,27.29976365546218,-1.2483003082132882,14.70564129078641,6.132698079231702,4.765756302521005,23.92003156863767,19.131829842899343,23.219486663528272,0.290409721662364,11.507283203207905,19.904627169010965,-10.594692656008974,-0.6505307856782565,-0.13677542867024073,51.28626798940687
26,1,1.3,5.040389733616948,-21.860966655641953,-13.126483319207757,23.705104568914535,12.086093924456335,24.579470758027128,-1.6218336507936542,27.28264761904761,-1.4094693195035504,14.674085574140946,6.109916916099792,4.658019047619042,23.918797834953423,19.13089529990326,23.24288514649652,0.2888767736214106,11.473587367362299,19.841149161560793,-10.688331532299586,-0.6912103312591995,-0.5579060061164611,50.133591329804
27,1,1.35,4.748158644850598,-21.957702121306028,-13.2057069787896,23.625190744990505,11.994133511909979,24.57585225491244,-1.6717960304121746,27.26600273109245,-1.5786298882564722,14.633730690923556,6.07972437775112,4.544636974789917,23.91388589508378,19.12717454633942,23.26682968507663,0.2873080508303758,11.431589842917958,19.77150792830112,-10.78625582444078,-0.7346403679061382,-0.9727308850768281,48.99817399986362
28,1,1.4,4.447858391874014,-22.055476778160983,-13.289076401051055,23.543664231243582,11.897959183673464,24.571428571428562,-1.728216534613857,27.249788235294112,-1.7556445087873342,14.58484817208074,6.042232444977998,4.42577478991597,23.90540843537417,19.120752941176477,23.291156462585022,0.2857142857142847,11.381558063225299,19.695919327731104,-10.888435374149672,-0.7809523809523782,-1.3812500655513986,47.88001599958578
29,1,1.45,4.139818935412407,-22.15407146540946,-13.37656191054996,23.460460387391294,11.797741006666229,24.566232203371584,-1.7909831826063893,27.233963375350143,-1.9403756754113672,14.527709548558995,5.997553098572766,4.3015971988795485,23.89347814216997,19.11171584338306,23.315701662338185,0.28410621069816955,11.323759461634552,19.614599218349866,-10.99484002314339,-0.8302778557311612,-1.783463547540137,46.77911732897039
30,1,1.5,3.8243702361910223,-22.253267022254093,-13.468133831844199,23.375514573151108,11.693649047807682,24.56029564653754,-1.8599839935974245,27.218487394957968,-2.1326858824438517,14.462586351304878,5.945798319327757,4.172268907563023,23.878207701816677,19.100148611927835,23.340301467652523,0.28249455820701996,11.258461471496076,19.5277634586566,-11.105439613139033,-0.882748277575736,-2.1793713310430434,45.69547798801753
31,1,1.55,3.5018422549350063,-22.35284428789746,-13.563762489491658,23.28876214824055,11.585853374017248,24.553651396722586,-1.9351069867947288,27.203319537815126,-2.3324376242001037,14.389750111264895,5.887080088035191,4.0379546218487405,23.85970980065956,19.086136605779444,23.364792061844483,0.28089006066592503,11.185931526160132,19.435627907150447,-11.220203985853821,-0.9384951318193373,-2.568973416060153,44.62909797672718
32,1,1.6,3.1725649523695623,-22.452584101542243,-13.663418208050132,23.200138472377112,11.474524052214377,24.546331949722735,-2.016240181405905,27.18841904761903,-2.5394933949953327,14.309472359385552,5.821510385487514,3.8988190476190425,23.838097125044186,19.069765183906526,23.38900962823051,0.27930345049985306,11.106437058977093,19.338408422330566,-11.339102983004821,-0.9976499037952209,-2.9522698025914025,43.579977295099305
33,1,1.65,2.836868289219872,-22.55226730239106,-13.767071312077562,23.10957890527832,11.359831149318495,24.538369801334106,-2.1032715966386633,27.173745168067228,-2.753715689144805,14.222024626613369,5.749201192477003,3.755026890756291,23.81348236131592,19.0511197052777,23.412790350127082,0.27774546013382917,11.02024550329726,19.23632086269609,-11.462106446309221,-1.060344078836657,-3.329260490636834,42.54811594313396
34,1,1.7,2.4950822262111103,-22.6516747296465,-13.87469212613179,23.017018806661632,11.241944732248953,24.52979744735277,-2.196089251700691,27.15925714285715,-2.9749670009638294,14.127678443894908,5.670264489795919,3.606742857142862,23.785978195820107,19.030285528861647,23.43597041085053,0.27622682199292115,10.92762429247093,19.12958108674622,-11.589184217484132,-1.126709142276873,-3.6999454801964333,41.533513920831105
35,1,1.75,2.1475367240685017,-22.75058722251124,-13.986250974770648,22.922393536244584,11.121034867925289,24.52064738357479,-2.294581165799663,27.14491421568627,-3.203109824767644,14.02670534217662,5.584812258236653,3.4541316526610615,23.755697314902292,19.007348013627016,23.458385993717485,0.2747582685020973,10.828840859848462,19.018404952980063,-11.720306138246642,-1.196876579449146,-4.06432477127025,40.536171228190774
36,1,1.8,1.794561743517221,-22.848785620187826,-14.101718182552077,22.82563845374466,10.997271623266862,24.510952105796278,-2.3986353581432667,27.1306756302521,-3.4380066548715007,13.919376852405094,5.492956478591466,3.2973579831932653,23.722752404907837,18.982392518542397,23.479873282044196,0.27335053208641824,10.724162638780115,18.903008319896806,-11.855442050313975,-1.2709778756867038,-4.422398363858186,39.55608786521291
37,1,1.85,1.436487245282514,-22.94605076187899,-14.221064074033876,22.726688918879375,10.870825065193102,24.50074410981331,-2.5081398479391765,27.116500630252098,-3.6795199855907157,13.80596450552681,5.394809131652671,3.136586554621857,23.68725615218213,18.95550440257648,23.500268459147165,0.27201434517090917,10.61385706261624,18.783607045995602,-11.994561795403207,-1.349144516322795,-4.774166257960324,38.593263831897566
38,1,1.9,1.0736431900895198,-23.04216348678731,-14.34425897377394,22.625480291366202,10.741865260623484,24.490055891421953,-2.622982654395088,27.102348459383755,-3.9275123112404984,13.6867398324883,5.290482198212636,2.971982072829128,23.649321243070602,18.92676902469791,23.519407708342925,0.2707604401806023,10.498191564707149,18.660416989775584,-12.13763521523152,-1.4315079866907041,-5.119628453576624,37.647699128244746
39,1,1.95,0.7063595386634276,-23.136904634115403,-14.471273206330125,22.52194793092268,10.610562276477353,24.47891994641828,-2.7430517967186816,27.08817836134454,-4.1818461261361435,13.56197436423605,5.180087659063645,2.803709243697469,23.60906036391873,18.89627174387531,23.537127212947823,0.26959954954046594,10.37743357840315,18.53365400973594,-12.284632151516007,-1.5181997721236584,-5.45878495070712,36.719393754254405
40,1,2.0,0.3349662517294405,-23.23005504306588,-14.60207709626033,22.416027197266295,10.477086179674181,24.467368770598405,-2.868235294117653,27.073949579831933,-4.442383924592946,13.431939631716602,5.063737494998001,2.6319327731092272,23.566586201071885,18.864097919077338,23.55326315627832,0.2685424056755821,10.251850537054551,18.403533964375818,-12.435522445973803,-1.6093513579548926,-5.791635749351784,35.808347709926565
41,1,2.05,-0.04020670998720277,-23.321395552841427,-14.736640968122352,22.307653450114564,10.341607037133407,24.455434859758377,-2.9984211657996482,27.059621358543417,-4.708988200926072,13.296907165876512,4.9415436868080675,2.4568173669467583,23.522011440875488,18.83033290927262,23.56765172165086,0.2675997410109474,10.121709874011707,18.270272712194355,-12.59027594032208,-1.7050942295176768,-6.118180849510601,34.91456099526124
42,1,2.1,-0.4188293857613985,-23.41070700264462,-14.874935146474108,22.19676204918496,10.204294915774433,24.443150709694308,-3.133497430972369,27.04515294117646,-4.981521449450916,13.157148497662263,4.813618215286134,2.2785277310924315,23.47544876967494,18.795062073429825,23.580129092381853,0.26678228797163683,9.987279022624861,18.134086111690713,-12.748862476277985,-1.8055598721452597,-6.438420251183594,34.038033610258424
43,1,2.15,-0.8005718148678724,-23.497770231678135,-15.016929955873472,22.083288354195005,10.065319882516683,24.430548816202247,-3.2733521088435467,27.030503571428582,-5.259846164482653,13.012935158020376,4.6800730612244905,2.097228571428566,23.427010873815675,18.758370770517566,23.59053145178781,0.2661007789825831,9.848825416244381,17.99519002136409,-12.911251895558571,-1.9108797711708974,-6.752353954370783,33.1787655549181
44,1,2.2,-1.1851040365814498,-23.582366079144514,-15.1625957208783,21.967167724862207,9.924852004279579,24.417661675078328,-3.417873218620791,27.01563249299719,-5.543824840336605,12.86453867789735,4.541020205415506,1.9130845938375245,23.376810439643137,18.720344359504523,23.598694983185155,0.26556594646888954,9.706616488220597,17.853800299713562,-13.077414039881056,-2.0211854119278385,-7.059981959072154,32.33675682924027
45,1,2.25,-1.5720960901770056,-23.664275384246466,-15.311902766046437,21.84833552090403,9.783061347982581,24.404521782118536,-3.5669487795118044,27.00049894957983,-5.833319971328002,12.712230588239741,4.396571628651465,1.72626050420169,23.3249601535027,18.681068199359316,23.604455869890273,0.2651885228555315,9.560919671903761,17.710132805238345,-13.247318750962556,-2.136608279749325,-7.361304265287657,31.51200743322493
46,1,2.3,-1.961218014929237,-23.743278986186564,-15.464821415935766,21.726727102038005,9.64011798054505,24.39116163311904,-3.7204668107242895,26.985062184873932,-6.12819405177212,12.556282419994055,4.246839311724685,1.536921008403354,23.27157270173987,18.640627649050593,23.607650295219656,0.2649792405675697,9.412002400644226,17.56440339643757,-13.42093587052019,-2.2572798599686266,-7.656320873017378,30.70451736687214
47,1,2.35,-2.3521398501130193,-23.819157724167475,-15.621321995104175,21.60227782798166,9.496191968886471,24.377613723875918,-3.878315331465906,26.969281442577028,-6.428309575984208,12.396965704106812,4.0919352354275205,1.3452308123249281,23.216760770699935,18.599108067546993,23.608114442489764,0.26494883202998665,9.260132107792323,17.416827931810417,-13.598235240271094,-2.3833316379189675,-7.945031782261275,29.914286630181817
48,1,2.4,-2.744531635003149,-23.891692437391825,-15.781374828109456,21.474923058452433,9.35145337992629,24.363910550185196,-4.040382360944378,26.953115966386555,-6.7335290382795705,12.234551971524525,3.93197138055222,1.151354621848725,23.16063704672841,18.55659481381717,23.605684495016973,0.26510802966783586,9.105576226698346,17.26762226985602,-13.779186701932417,-2.5148950989336214,-8.227436993019289,29.141315223154024
49,1,2.45,-3.1380634088744372,-23.960663965062203,-15.944950239509552,21.344598153167887,9.206072280583847,24.350084607843,-4.206555918367336,26.93652499999999,-7.043714932973458,12.069312753193735,3.7670597278911657,0.9554571428571492,23.103314216170673,18.513173246829773,23.600196636117758,0.2654675659061496,8.94860219071262,17.117002269073545,-13.96376009722131,-2.652101728345823,-8.503536505291535,28.385603145788693
50,1,2.5,-3.532405211001681,-24.025853146381273,-16.112018553862335,21.21123847184547,9.06021873777862,24.336168392645398,-4.376724022942504,26.919467787114854,-7.3587297543811445,11.90151958006092,3.5973122582366557,0.7577030812324921,23.04490496537217,18.468928725553425,23.591487049108608,0.26603817316994594,8.78947743318546,16.96518378796212,-14.151925267854871,-2.7950830114888348,-8.773330319077921,27.647150398085884
51,1,2.55,-3.9272270806596694,-24.087040820551636,-16.282550095725604,21.07477937420272,8.914062818430068,24.322194400388454,-4.550774693877528,26.901903571428562,-7.678435996817861,11.731443983072637,3.422840952380973,0.558257142857137,22.9855219806783,18.423946608956783,23.57939191730587,0.26683058388421443,8.628469387467185,16.81238268502095,-14.343652055550272,-2.9439704336959167,-9.036818434378503,26.92595698004561
52,1,2.6,-4.32219905712325,-24.144007826775947,-16.456515189657267,20.935156219957136,8.767774589457545,24.308195126868284,-4.728595950380132,26.88379159663866,-8.002696154598894,11.55935749317539,3.243757791116451,0.3572840336134462,22.92527794843444,18.3783122560085,23.563747424026047,0.2678555304740513,8.465845486908087,16.65881481874917,-14.538910302024618,-3.098895480300296,-9.29400085119326,26.22202289166779
53,1,2.65,-4.716991179667211,-24.19653500425679,-16.633884160215203,20.7923043688262,8.621524117780517,24.294203067880957,-4.91007581165799,26.865091106442563,-8.33137272203954,11.385531641315723,3.0601747552354297,0.15494845938376756,22.864285554986125,18.332111025677193,23.544389752585587,0.2691237453643964,8.301873164858499,16.504696047645922,-14.737669848995075,-3.259989636635236,-9.544877569522164,25.535348132952482
54,1,2.7,-5.1112734875663435,-24.244403192196813,-16.814627331957254,20.64615918052744,8.475481470318414,24.280250719222536,-5.095102296918768,26.845761344537813,-8.664328193455042,11.210237958440104,2.872203825530235,-0.04858487394958644,22.80265748667864,18.285428276931533,23.52115508630088,0.2706459609803318,8.13681985466873,16.350242230210377,-14.939900538178755,-3.427384388034003,-9.789448589365279,24.865932703899702
55,1,2.75,-5.504716020095479,-24.28739322979869,-16.998715029441293,20.49665601477834,8.329816713990638,24.266370576689113,-5.283563425370126,26.825761554621828,-9.001425063160653,11.033747975495075,2.6799569827931364,-0.2531512605042039,22.740506429857504,18.23834936874016,23.49387960848844,0.2724329097468541,7.970952989689117,16.195669224941668,-15.145572211292809,-3.6012112198298034,-10.02771391072254,24.21377660450942
56,1,2.8,-5.896988816529394,-24.325285956264985,-17.186117577225176,20.343730231296405,8.18469991571665,24.25259513607677,-5.475347216219795,26.80505098039216,-9.342525825471647,10.856333223427185,2.483546207816474,-0.45858599439777237,22.67794507086809,18.19095966007169,23.462399502464635,0.2744953240890027,7.804540003269963,16.04119289033897,-15.354654710054355,-3.781601617355932,-10.259673533593997,23.578879834781645
57,1,2.85,-6.287761916142934,-24.357862210798327,-17.376805299866803,20.187317189799153,8.040301142415807,24.2389568931816,-5.670341688675471,26.783588865546214,-9.687492974703297,10.678265233182927,2.283083481392552,-0.6647243697479013,22.61508609605582,18.143344509894817,23.426550951545977,0.2768439364317956,7.637848328761528,15.887029084901457,-15.567117876180568,-3.968687065945609,-10.4853274579796,22.961242394716354
58,1,2.9,-6.676705358210867,-24.384902832601377,-17.570748521924003,20.027352250004057,7.896790461007605,24.225488343799675,-5.868434861944749,26.76133445378153,-10.036189005170876,10.499815535708805,2.0786807843137254,-0.871401680672264,22.552042191766105,18.095589277178142,23.386170139048872,0.2794894792002509,7.471145399514221,15.73339366712824,-15.782931551388529,-4.162599050932112,-10.70467568387938,22.360864284313564
59,1,2.95,-7.063489182008034,-24.406188660876737,-17.76791756795467,19.863770771628644,7.75433793841146,24.21222198372709,-6.069514755235417,26.73824698879551,-10.388476411189615,10.321255661951398,1.8704500973722844,-1.0784532212885196,22.48892604434438,18.047779320890314,23.341093248289724,0.28244268481941504,7.3046986488782935,15.58050249551853,-16.00206557739542,-4.36346905764869,-10.917718211293355,21.7777455035733
60,1,3.0,-7.447783426809224,-24.421500534827075,-17.968282762516637,19.696508114390376,7.613113641546775,24.19919030875988,-6.2734693877550995,26.714285714285722,-10.744217687074837,10.142857142857146,1.658503401360548,-1.2857142857142776,22.425850340136037,18.0,23.291156462585022,0.2857142857142847,7.138775510204084,15.428571428571416,-16.22448979591836,-4.571428571428573,-11.12445504022152,21.211886052495515
61,1,3.05,-7.829401200409883,-24.430731873729563,-18.171813475754604,19.525486166870508,7.47324158085668,24.186417014382698,-6.48018677871147,26.68940987394957,-11.103279021967154,9.964827235226878,1.4429526770708279,-1.4930201680672326,22.3629081486867,17.9523218139132,23.236253479124485,0.28931142927683595,6.973595542909635,15.277775439315107,-16.4501760054645,-4.786531424161886,-11.324886170663817,20.663285931080253
62,1,3.1,-8.208727884688095,-24.434226417160048,-18.37847526016055,19.350572933104935,7.33466154087904,24.17389059483424,-6.6895549473122315,26.663578711484604,-11.4655413843089,9.787116099278542,1.2239099052954998,-1.700206162464994,22.300114072342282,17.904755823785486,23.17650805059047,0.29322692276682716,6.80918681068367,15.128125958893712,-16.679103831701077,-5.008520833966102,-11.519011602620324,20.131945139327485
63,1,3.15,-8.586291930042535,-24.43244048476889,-18.5882327138132,19.171622945993327,7.19726724967547,24.161590744041746,-6.901461912765093,26.636751470588237,-11.83088943736778,9.609609621084324,1.001487066826762,-1.9071075630251997,22.237463096648952,17.857298231209803,23.112101443538776,0.2974499884109818,6.645529503282724,14.979593532980346,-16.91125485708534,-5.237062365515552,-11.706831336090993,19.617863677237228
64,1,3.2,-8.96262178687195,-24.42583039620645,-18.801050434791335,18.98849073843536,7.0609524353074775,24.149497155932444,-7.1157956942777005,26.608887394957996,-12.199207844411497,9.432193686716396,0.7757961424570041,-2.1135596638655443,22.17495020715286,17.809945237779075,23.043214924525117,0.30196984843598784,6.482603810463289,14.83214870724813,-17.14661066407453,-5.47182158348458,-11.888345371075836,19.121041544809447
65,1,3.25,-9.338245905575008,-24.414852471123147,-19.01689302117373,18.801030843330636,6.925610825836685,24.137589524433594,-7.332444311057742,26.57994572829132,-12.570381268707727,9.254754182246991,0.5469491129785311,-2.3193977591036585,22.112570389400133,17.76269304508626,22.970029760105234,0.3067757250685119,6.320389921981807,14.685762027370203,-17.385152835125908,-5.712464052547528,-12.06355370757484,18.6414787420442
66,1,3.3,-9.713692736550435,-24.399963029169356,-19.23572507103915,18.60909779357879,6.7911361493247,24.125847543472446,-7.551295782312906,26.549885714285736,-12.944294373524215,9.077176993748289,0.3150579591836902,-2.5244571428571483,22.050318628936893,17.715537854724275,22.892727216834814,0.31185684053531304,6.158868027594785,14.54040403901967,-17.626862952696733,-5.958655337378744,-12.23245634558802,18.17917526894142
67,1,3.35,-10.0894907301969,-24.3816183899955,-19.457511182466362,18.412546122079533,6.65742213383303,24.114250906976203,-7.772238127250894,26.518666596638667,-13.320831822128653,8.899348007292474,0.08023466186475048,-2.728573109243694,21.988189911309377,17.66847586828608,22.811488561269613,0.31720241706304364,5.998018317058779,14.396045287869661,-17.87172259924423,-6.21006100265258,-12.395053285115381,17.73413112550118
68,1,3.4,-10.466168336913142,-24.36027487325193,-19.68221595353414,18.211230361732447,6.524362507423284,24.1027793088721,-7.9951593650793455,26.486247619047624,-13.699878277788692,8.72115310895176,-0.15740879818594067,-2.9315809523809513,21.926179222063553,17.621503287364604,22.726495059965302,0.3228016768784201,5.837820980130218,14.252656319593292,-18.119713357225642,-6.46634661304331,-12.551344526156917,17.30634631172341
69,1,3.45,-10.844254007097867,-24.336388798589056,-19.909803982321236,18.005005045437194,6.391850998157025,24.091412443087414,-8.219947515005991,26.452588025210076,-14.081318403772116,8.542478184798355,-0.39776044017604306,-3.1333159663865473,21.86428154674566,17.574616313552795,22.637927979477624,0.3286438422081659,5.678256206565592,14.110207679863713,-18.370816809098244,-6.727177733225332,-12.701330068712643,16.895820827608176
70,1,3.5,-11.224276191149755,-24.31041648565725,-20.1402398669064,17.793724706093435,6.2597813340958695,24.08013000354932,-8.446490596238498,26.417647058823526,-14.465036863346583,8.363209120904443,-0.6407082833133444,-3.3336134453781554,21.80249187090186,17.527811148443575,22.545968586362292,0.33471813527894767,5.51930418612141,13.96866991435401,-18.625014537319288,-6.9922199278729735,-12.845009912782515,16.50255467315543
71,1,3.55,-11.606763339467577,-24.28281425410693,-20.37348820536846,17.57724387660079,6.128047243301317,24.06891168418514,-8.674676627984525,26.381383963585435,-14.850918319779815,8.183231803342231,-0.8861403468053766,-3.5323086834734028,21.740805180078226,17.481083993629895,22.45079814717505,0.3410137783174676,5.360945108554162,13.828013568737298,-18.88228812434599,-7.261138761660561,-12.982384058366584,16.126547848365206
72,1,3.6,-11.99224390244995,-24.25403842358846,-20.60951359578612,17.355417089858946,5.996542453834984,24.057737178922032,-8.904393629451768,26.34375798319327,-15.23884743633949,8.002432118183904,-1.1339446498599202,-3.72923697478992,21.679216459820964,17.434431050704703,22.35259792847161,0.34751999355045626,5.203159163620306,13.688209188686756,-19.142619152635632,-7.533599799262454,-13.11345250546482,15.767800353237462
73,1,3.65,-12.381246330495614,-24.224545313752245,-20.848280636238165,17.12809887876751,5.865160693758462,24.046586181687296,-9.13552961984793,26.30472836134455,-15.628708876293338,7.820695951501683,-1.3840092116846563,-3.924233613445395,21.617720695676127,17.387848521260935,22.251549196807673,0.3542260032046016,5.045926541076376,13.549227319875456,-19.405989204645444,-7.8092686053529405,-13.23821525407724,15.426312187772211
74,1,3.7,-12.774299074003295,-24.194791244248663,-21.08975392480337,16.895143776226142,5.7337956911333166,24.035438386408146,-9.36797261838067,26.264254341736688,-16.020387302909064,7.63790918936774,-1.636222051487259,-4.117133893557437,21.55631287318994,17.34133260689152,22.14783321873898,0.36112102950659875,4.889227430678837,13.411038507976542,-19.672379862832685,-8.087810744606426,-13.356672304203812,15.102083351969485
75,1,3.75,-13.171930583371697,-24.165232534728094,-21.333898059560518,16.65640631513447,5.602341174021092,24.02427348701181,-9.60161064425769,26.222295168067234,-16.413767379454335,7.453957717854294,-1.890471188475388,-4.307773109243719,21.494987977908423,17.294879509189407,22.04163126082122,0.368194294683164,4.733042022184172,13.273613298663143,-19.94177270965462,-8.3688917816972,-13.468823655844574,14.795113845829235
76,1,3.8,-13.57466930899951,-24.13632550484096,-21.580677638588362,16.411741028392164,5.470690870483423,24.013071177425537,-9.836331716686658,26.1788100840336,-16.80873376919692,7.268727423033532,-2.1466446418567386,-4.495986554621847,21.433740995377846,17.248485429747518,21.93312458961013,0.37543502096097114,4.577350505348875,13.13692223760836,-20.214149327568485,-8.652177281299629,-13.57466930899951,14.505403669351525
77,1,3.85,-13.982799087822869,-24.10844575022078,-21.830081136306756,16.161139026894723,5.338758836713723,24.00181503580537,-10.072023854875283,26.13375833333332,-17.205171135404463,7.082104190977645,-2.4046304308390063,-4.681609523809527,21.37256691114426,17.202146570158796,21.82249447166143,0.38283243056674365,4.422133069929458,13.000935870485321,-20.489491299031506,-8.937332808088051,-13.982799087822869,14.546403308498853
78,1,3.9,-14.395625302927812,-24.08164597043382,-22.08219253249998,15.905137733521038,5.206540441433326,23.99050417722271,-10.308575078031211,26.087099159663858,-17.602964141344692,6.8939739077588555,-2.6643165746298507,-4.864477310924364,21.31146071075385,17.155859132016232,21.709922173530785,0.3903757457271908,4.267369905682386,12.865624742967164,-20.767780206500944,-9.224023926736763,-14.395625302927812,14.58581474936203
79,1,3.95,-14.812208723937694,-24.055898141029402,-22.337119683293377,15.644411149145867,5.074051381495394,23.979141600977663,-10.545873405362137,26.038791806722692,-18.0019974502853,6.704222459449369,-2.9255910924369957,-5.044425210084039,21.25041737975272,17.1096193169127,21.595588961774027,0.39805418866897924,4.113041202364137,12.730959400726995,-21.048997632434073,-9.511916201920151,-14.812208723937694,14.623679204368527
80,1,4.0,-15.231610120475985,-24.031174237556925,-22.59497044481229,15.379633274644007,4.941307353753082,23.967730306370413,-10.783806856075756,25.98879551820729,-18.402155725494012,6.512735732121335,-3.188342003468051,-5.221288515406162,21.18943190368698,17.063423326441175,21.47967610294681,0.40585698161883954,3.959127149731245,12.596910389437937,-21.33312515928812,-9.800675198312522,-15.231610120475985,14.660037885945695
81,1,4.05,-15.65289026216611,-24.007446235565787,-22.855852673182078,15.111478110890182,4.8083240550596,23.956273292701148,-11.022263449379736,25.937069537815127,-18.803323630238516,6.319399611846983,-3.4524573269307766,-5.394902521008408,21.12849926810283,17.017267362194595,21.362364863604867,0.41377334680342415,3.8056079375401453,12.463448254773134,-21.620144369520347,-10.089966480588249,-15.65289026216611,14.6949320065209
82,1,4.1,-16.07510991863151,-23.984686110605374,-23.11987422452816,14.840619658759152,4.675117182268103,23.944773559270025,-11.261131204481785,25.8835731092437,-19.205385827786515,6.124099984698503,-3.717825082032803,-5.565102521008402,21.067614458546387,16.971147625765873,21.243836510303908,0.4217925064495205,3.652463755547359,12.330543542405671,-21.910036845587978,-10.37945561342164,-16.07510991863151,14.728402778521511
83,1,4.15,-16.497329859495565,-23.962865838225024,-23.387142954975804,14.567731919125691,4.54170243223178,23.93323410537721,-11.500298140589564,25.82826547619048,-19.608226981405714,5.926722736748111,-3.9843332879818476,-5.73172380952381,21.00677246056381,16.92506031874798,21.124272309599647,0.4299036827837739,3.499674793509385,12.1981667980087,-22.202784169948302,-10.668808161487036,-16.497329859495565,14.760491414374965
84,1,4.2,-16.91861085438174,-23.941957393974164,-23.65776672065041,14.29348889286456,4.4080955018038495,23.921657930322873,-11.73965227691076,25.77110588235295,-20.01173175436383,5.7271537540679915,-4.251869963985605,-5.894601680672274,20.945968259701147,16.879001642733826,21.003853528047784,0.4380960980328936,3.347221241182716,12.066288567255341,-22.498367925058528,-10.957689689458789,-16.91861085438174,14.791239126508586
85,1,4.25,-17.33801367291347,-23.921932753402125,-23.931853377677356,14.018564580850544,4.274312087837423,23.910048033407172,-11.97908163265307,25.712053571428577,-20.415784809928567,5.525278922730337,-4.520323129251707,-6.053571428571427,20.885196841504637,16.8329677993164,20.88276143220409,0.44635897442357475,3.1950832883237865,11.934879395818712,-22.79676969337593,-11.245765762011228,-17.33801367291347,14.820687127349816
86,1,4.3,-17.754599084714144,-23.90276389205831,-24.209510782181958,13.74363298395835,4.140367887185718,23.8984074139303,-12.218474227024139,25.65106778711484,-20.8202708113676,5.320984128807368,-4.789580802987864,-6.20846834733894,20.82445319152039,16.78695499008858,20.761177288624253,0.45468153418251234,3.0432411246891533,11.803909829371918,-23.097971057357757,-11.532701943818708,-17.754599084714144,14.848876629326014
87,1,4.35,-18.16742785940724,-23.884422785492127,-24.49084679028961,13.469368103062784,4.006278596701897,23.886739071192416,-12.45771807923169,25.588107773109236,-21.225074421948644,5.114155258371255,-5.059531004401769,-6.359127731092439,20.763732295294545,16.740959416643356,20.639282363863998,0.46305299953643697,2.8916749400352657,11.673350413588125,-23.40195359946124,-11.818163799555535,-18.16742785940724,14.87584884486452
88,1,4.4,-18.57556076661615,-23.866881409252926,-24.775969258125635,13.19644393903858,3.872059913239191,23.875046004493683,-12.696701208483411,25.52313277310924,-21.630080304939426,4.904678197494206,-5.330061752701091,-6.505384873949573,20.703029138373182,16.69497728057364,20.517257924479026,0.4714625927120295,2.74036492411863,11.543171694140398,-23.70869890214366,-12.101816893896071,-18.57556076661615,14.901644986392753
89,1,4.45,-18.97805857596431,-23.850111738890067,-25.064986041815377,12.92553449276052,3.7377275336507267,23.86333121313426,-12.93531163398692,25.456102030812318,-22.03517312360764,4.692438832248463,-5.601061067093504,-6.64707507002802,20.642338706302482,16.649004783472364,20.39528523702512,0.4798995359359921,2.5892912666957386,11.413344216701923,-24.018188547862238,-12.383326791514666,-18.97805857596431,14.926306266338134
90,1,4.5,-19.373982057075132,-23.83408574995299,-25.358004997484255,12.65731376510336,3.603297154789658,23.851597696414338,-13.173437374949991,25.38697478991596,-22.440237541220963,4.4773230487061255,-5.872416966786716,-6.784033613445391,20.581655984628597,16.60303812693249,20.273545568057926,0.48835305143501984,2.438434157523062,11.283838526945758,-24.330404119074235,-12.662359057085627,-19.373982057075132,14.949873897127958
91,1,4.55,-19.762391979572087,-23.818775417991006,-25.655133981257595,12.39245575694185,3.468784473509281,23.839848453634062,-13.410966450580226,25.31571029411765,-22.845158221047125,4.259216732939478,-6.144017470988402,-6.9160957983193185,20.520975958897665,16.557073512546957,20.152220184133185,0.49681236143582197,2.2877737863571,11.154625170545081,-24.645327198236895,-12.938579255283308,-19.762391979572087,14.972389091189694
92,1,4.6,-20.142349113078552,-23.804152718553574,-25.956480849260736,12.131634469150754,3.334205186662693,23.828086484093625,-13.64778688008537,25.24226778711487,-23.24981982635384,4.0380057710206785,-6.415750598906243,-7.043096918767507,20.460293614655797,16.51110714190868,20.031490351806625,0.505266688165122,2.137290342954344,11.02567469317298,-24.962939367807472,-13.211652950782046,-20.142349113078552,14.993893060950626
93,1,4.65,-20.512914227217998,-23.790189627190003,-26.262153457619043,11.875523902604854,3.1995749911030344,23.816314787093177,-13.883786682673062,25.166606512605036,-23.65410702040879,3.813576049021947,-6.687504369747877,-7.164872268907562,20.399603937449157,16.465135216610626,19.911537337634,0.5137052538495723,1.9869640170713012,10.896957640502585,-25.28322221024321,-13.481245708256207,-20.512914227217998,15.014427018838234
94,1,4.7,-20.873148091613828,-23.77685811944969,-26.572259662457892,11.624798058178875,3.064909583683601,23.804536361932882,-14.118853877551011,25.088685714285702,-24.057904466479673,3.5858134530154757,-6.9591668027211,-7.281257142857147,20.338901912823815,16.41915393824572,19.792542408170945,0.5221172807158823,1.8367749984644064,10.76844455820703,-25.606157308001368,-13.747023092380065,-20.873148091613828,15.034032177279869
95,1,4.75,-21.222111475889474,-23.76413017088204,-26.886907319902612,11.380130936747605,2.9302246612574834,23.792754207912935,-14.352876483926899,25.008464635854352,-24.46109682783421,3.3546038690734648,-7.230625917033471,-7.392086834733885,20.278182526325978,16.373159508406914,19.674686829973254,0.5304919909907966,1.6867034768902087,10.640105991959416,-25.9317262435392,-14.008650667828018,-21.222111475889474,15.052749748702881
96,1,4.8,-21.558865149668357,-23.75197775703642,-27.20620428607858,11.14219653918579,2.7955359206778994,23.78097132433348,-14.585742521008399,24.925902521008403,-24.86356876774011,3.119833183268085,-7.501769731892757,-7.49719663865546,20.2174407635018,16.32714812868712,19.5581518695966,0.5388186069009961,1.5367296421051577,10.511912487432888,-26.259910599313937,-14.265793999274372,-21.558865149668357,15.070620945534673
97,1,4.85,-21.882469882573925,-23.740372853462226,-27.53025841711115,10.911668866368224,2.660859058798003,23.769190710494676,-14.817340008003193,24.84095861344538,-25.26520494946506,2.881387281671593,-7.772486266506604,-7.596421848739499,20.156671609897344,16.28111600067932,19.443118793596724,0.5470863506731831,1.3868336838657527,10.383834590300566,-26.59069195778282,-14.518118651393465,-21.882469882573925,15.087686980202605
98,1,4.9,-22.19198644422957,-23.729287435708784,-27.859177569125684,10.689221919169619,2.526209772471013,23.757415365696737,-15.04755696411899,24.75359215686273,-25.665890036276767,2.639152050356124,-8.04266354008272,-7.689597759103659,20.095870051058796,16.235059325976444,19.329768868529342,0.5552844445340241,1.2369957919285284,10.255842846235566,-26.924051901403132,-14.765290188859659,-22.19198644422957,15.103989065134144
99,1,4.95,-22.486475604258764,-23.71869347932552,-28.193069598247515,10.475529698464769,2.391603758550069,23.745648289239774,-15.27628140856342,24.663762394958,-26.065508691442954,2.393013375393906,-8.312189571828732,-7.776559663865552,20.03503107253229,16.188974306171403,19.218283360950224,0.5634021107102498,1.0871961560498846,10.127907800911004,-27.259972012632094,-15.006974176347285,-22.486475604258764,15.11956841275659
100,1,5.0,-22.764998132284923,-23.708562959861816,-28.532042360602034,10.271266205128413,2.2570567138883675,23.733892480424004,-15.503401360544217,24.571428571428562,-26.463945578231296,2.142857142857146,-8.580952380952382,-7.857142857142854,19.97414965986397,16.14285714285714,19.10884353741497,0.5714285714285765,0.937414965986413,9.999999999999993,-27.598433873926982,-15.242836178530688,-22.764998132284923,15.13446623549733
101,1,5.05,-23.02690412220236,-23.69887087577095,-28.87614817582292,10.076913899370567,2.122581153544573,23.722150330583318,-15.728833038696976,24.476570860566447,-26.86112504348814,1.8887010336391015,-8.84886351236792,-7.931246436352314,19.913221993801315,16.096704942981702,19.001583582548903,0.5793556178114514,0.7876298965610928,9.872118002995023,-27.939389767600723,-15.472601703651033,-23.65630184003637,16.94173282218439
102,1,5.1,-23.272700964989085,-23.68960431712187,-29.225217217577356,9.89218907874212,1.9881768653989695,23.710421799186648,-15.95260545936894,24.37925315904139,-27.25713016837434,1.6310899079174774,-9.115928613815917,-7.999024712107065,19.852249035897273,16.050518434913464,18.896449353255235,0.5871853165645504,0.6378085628633343,9.744372424665869,-28.282674775389168,-15.696236034217023,-24.529064311668183,18.711403967246454
103,1,5.15,-23.503185375893953,-23.680753396887447,-29.57902412304087,9.716616500129199,1.853840455537373,23.69870623773666,-16.174775838335336,24.279560294117644,-27.652083717629374,1.3707004206910156,-9.382176858743506,-8.060695798319312,19.791232942906277,16.0042992523759,18.793339624506714,0.594922303289259,0.48791606504904195,9.616901893601693,-28.62809467888385,-15.913764396304185,-25.383285547180336,20.443479670683548
104,1,5.2,-23.719154070165867,-23.672308228040542,-29.937343529388944,9.54972092041794,1.7195685300456134,23.687002997735995,-16.395401391371365,24.177577093059455,-28.046108455992712,1.1082092269584436,-9.647637420597874,-8.116477808901333,19.730175871582645,15.95804902909245,18.69215317127602,0.6025712135870123,0.33791750327419834,9.489845038391593,-28.975455259676277,-16.125212015988044,-26.218965546572868,22.137959932495605
105,1,5.25,-23.92140376305372,-23.664258923554023,-30.299950073797106,9.39102709649449,1.5853576950094848,23.67531143068733,-16.614539334252214,24.073388383131032,-28.439327148203844,0.8442929817185529,-9.912339472826162,-8.16658885776532,19.669079978680713,15.911769398786603,18.592788768536025,0.610136683059217,0.18777797769470084,9.36334048762469,-29.32456229935802,-16.330604119344187,-27.036104309845726,23.79484475268269
106,1,5.3,-24.1107311698064,-23.656595596400734,-30.66661839344089,9.240059785244966,1.4512045565147673,23.663630888093365,-16.83224688275311,23.967078991596637,-28.831862559002275,0.5796283399700641,-10.176312188875542,-8.211247058823517,19.607947420954844,15.865461995181818,18.49514519125937,0.6176233473073154,0.037462588466546265,9.237526869890168,-29.67522157952058,-16.52996593244808,-27.834701836998978,25.414134131244804
107,1,5.35,-24.2879330056728,-23.649308359553594,-31.03712312549579,9.096343743555494,1.3171057206472696,23.651960721456724,-17.048581252649214,23.85873374572052,-29.22383745312743,0.3148919567117616,-10.439584742193176,-8.25067052598818,19.546780355159356,15.819128452001564,18.399121214418813,0.6250358419327213,-0.11306356425436803,9.112542813777146,-30.027238881755498,-16.72332268137525,-28.61475812803255,26.995828068181922
108,1,5.4,-24.453805985901788,-23.64238732598539,-31.41123890713733,8.959403728312239,1.183057793492793,23.64030028228008,-17.26359965971573,23.748437472766895,-29.615374595318848,0.05076048694239432,-10.70218630622621,-8.285077373171475,19.485580938048642,15.772770402969314,18.304615612987106,0.6323788025368202,-0.2638353803121518,8.988526947874703,-30.38041998765433,-16.910699592201308,-29.376273182946488,28.53992656349401
109,1,5.45,-24.609146825742265,-23.63582260866906,-31.78874037554103,8.828764496401305,1.0490573811371249,23.62864892206612,-17.47735931972789,23.636275000000005,-30.006596750315957,-0.21208941433929596,-10.964146054421754,-8.314685714285716,19.424351326377035,15.726389481808525,18.211527161936985,0.6396568647210685,-0.4148877595507585,8.865617900772051,-30.734570678808584,-17.092121891001735,-30.11924700174078,30.046429617181147
110,1,5.5,-24.754752240443114,-23.62960432057744,-32.169402167882396,8.703950804708832,0.9151010896660807,23.6170059923175,-17.689917448460882,23.522331154684103,-30.397626682858267,-0.4729810921345603,-11.225493160227074,-8.339713663243042,19.363093676898885,15.679987322242667,18.11975463624124,0.6468746640868588,-0.5662556018143405,8.743954301058281,-31.08949673680979,-17.26761480385208,-30.843679584415458,31.515337229243286
111,1,5.55,-24.891418945253218,-23.623722574683384,-32.55299892133696,8.584487410120943,0.7811855251654549,23.60537084453688,-17.90133126168987,23.406690764083415,-30.78858715768526,-0.7312378914446569,-11.486256797089212,-8.360379333955791,19.30181014636851,15.633565557995212,18.029196810872563,0.6540368362356332,-0.7179738069469082,8.62367477732252,-31.445003943249503,-17.437203556827882,-31.54957093097046,32.946649399680446
112,1,5.6,-25.019943655421493,-23.618167483959752,-32.93930527308022,8.469899069523791,0.6473072937210276,23.593742830226923,-18.111657975190084,23.28943865546219,-31.17960093953641,-0.9861831572707942,-11.746466138455382,-8.37690084033613,19.240502891540373,15.58712582278961,17.939752460803746,0.6611480167687915,-0.8700772747925569,8.504917958153925,-31.800898079719246,-17.600913376004673,-32.23692104140583,34.34036612849259
113,1,5.65,-25.1411230861968,-23.612929161379427,-33.3280958602877,8.359710539803494,0.5134630014186357,23.5821213008903,-18.320954804736715,23.170659656084638,-31.570790793151186,-1.2371402346142162,-12.00615035777276,-8.389496296296283,19.179174069168667,15.540669750349352,17.85132036100744,0.6682128412877617,-1.022600905195283,8.387822472141607,-32.15698492781057,-17.758769487457943,-32.90572991572155,35.69648741567976
114,1,5.7,-25.255753952828037,-23.60799771991524,-33.71914532013494,8.253446577846198,0.37964925434403085,23.570505608029713,-18.52927896610496,23.050438593215063,-31.9622794832691,-1.4834324684761881,-12.265338628488443,-8.39838381574852,19.117825836007825,15.49419897439789,17.763799286456504,0.6752359453939647,-1.1755795979992385,8.272526947874717,-32.513070269114976,-17.91079711726329,-33.55599755391764,37.01501326124193
115,1,5.75,-25.364632970564088,-23.60336327254011,-34.1122282897974,8.150631940537998,0.24586265858307144,23.558895103147762,-18.736687675070023,22.928860294117655,-32.3541897746296,-1.724383203857947,-12.524060124049605,-8.403781512605022,19.05646034881221,15.447715128658693,17.677088012123576,0.6822219646888215,-1.3290482530483914,8.15917001394238,-32.868959885224015,-18.057021491496204,-34.18772395599407,38.29594366517912
116,1,5.8,-25.468556854653844,-23.599015932226852,-34.507119406450656,8.050791384765084,0.11209982022145937,23.54728913774718,-18.943238147407108,22.80600958605664,-32.74664443197217,-1.9593157857607508,-12.782344017903462,-8.405907500778103,18.995079764336097,15.401219846855227,17.591085312981463,0.6891755347737245,-1.4830417701868868,8.047890298933723,-33.22445955772923,-18.1974678362323,-34.800909121950866,39.5392786274913
117,1,5.85,-25.568322320346173,-23.594945811948335,-34.9035933072702,7.953449667413558,-0.021642654654890237,23.535687063330563,-19.14898759889141,22.681971296296297,-33.13976622003632,-2.18755355918584,-13.040219483497104,-8.404979894179888,18.93368623933395,15.35471476271097,17.505689964002897,0.6961012912501516,-1.6375950492587137,7.938826431437882,-33.57937506822215,-18.33216137754699,-35.39555305178801,40.74501814817853
118,1,5.9,-25.664726082890017,-23.591143024677464,-35.30142462943152,7.858131545369545,-0.155368159960247,23.524088231400626,-19.353993245298128,22.55683025210086,-33.53367790356149,-2.4084198691344447,-13.297715694277727,-8.401216806722672,18.87228193056002,15.308201509949384,17.420800740160587,0.7030038697194598,-1.7927429901080245,7.832117040044011,-33.933512198294295,-18.461127341515883,-35.971655745505515,41.913162227240704
119,1,5.95,-25.758564857534203,-23.58759768338706,-35.70038801011019,7.764361775519177,-0.2890800896088308,23.512491993460017,-19.558312302402456,22.430671280734515,-33.928502247287184,-2.6212380606078263,-13.554861823692434,-8.394836352318695,18.81086899476871,15.261681722293886,17.33631641642738,0.7098879057830842,-1.9485204925787514,7.727900753341217,-34.28667672953722,-18.584390954214538,-36.529217203103386,43.043710864677934
120,1,6.0,-25.850635359527654,-23.584299901049995,-36.10025808648168,7.671665114748606,-0.4227818375147905,23.500897701011425,-19.76200198597958,22.30357920946156,-34.324362015952886,-2.825331478607218,-13.811687045188457,-8.386056644880163,18.749449588714327,15.215157033468017,17.25213576777587,0.7167580350424672,-2.104962456515082,7.626316199918662,-34.63867444354244,-18.701977441718405,-37.068237424581596,44.13666406049017
121,1,6.05,-25.941734304119258,-23.581239790639174,-36.50080949572152,7.57956631994395,-0.5564767975923104,23.489304705557494,-19.965119511804723,22.175638865546226,-34.72137997429807,-3.0200234681338785,-14.06822053221289,-8.375095798319315,18.688025869151247,15.168629077195213,17.168157569178902,0.7236188930990082,-2.262103781761006,7.527502008365424,-34.98931112190151,-18.813912030103097,-37.588716409940176,45.19202181467741
122,1,6.1,-26.03265840655787,-23.578407465127377,-36.90181687500524,7.487590147991369,-0.6901683637556957,23.47771235860091,-20.167722095653076,22.046935076252737,-35.11967888706221,-3.204637374189062,-14.324491458212925,-8.362171926548381,18.626599992833846,15.12209948719893,17.0842805956092,0.7304751155541283,-2.419979368160604,7.431596807270701,-35.33839254620594,-18.920219945444096,-38.0906541591791,46.20978412723966
123,1,6.15,-26.124204382092433,-23.575793037487543,-37.30305486150832,7.395261355776938,-0.8238599299190241,23.46612001164433,-20.369866953299834,21.917552668845296,-35.51938151898479,-3.378496541773991,-14.580528996635692,-8.347503143479592,18.565174116516417,15.075569897202683,17.00040362203947,0.7373313380092483,-2.5786241155579432,7.338739225223584,-35.68572449804727,-19.020926413816987,-38.57405067229839,47.189950998176926
124,1,6.2,-26.21716894597178,-23.57338662069253,-37.70429809240631,7.302104700186845,-0.9575548899965938,23.454527016190383,-20.571611300520203,21.787576470588235,-35.920610634805286,-3.54092431588991,-14.83636232092838,-8.331307563025192,18.503750396953365,15.029041940929865,16.916425423442504,0.7441921960657893,-2.738072923797077,7.249067890813208,-36.03111275901705,-19.11605666129727,-39.03890594929803,48.132522427489214
125,1,6.25,-26.31234881344481,-23.57117832771517,-38.10532120487472,7.20764493810718,-1.0912566379025321,23.442932723741777,-20.773012353089385,21.65709130874572,-36.323488999263176,-3.6912440415380985,-15.09202060453812,-8.313803299097398,18.442330990898967,14.982517252104003,16.832244774791036,0.7510623253251794,-2.8983606927220222,7.16272143262875,-36.37436311070679,-19.205635913960485,-39.485219990178024,49.03749841517646
126,1,6.3,-26.410540699760446,-23.569158271528345,-38.50589883608905,7.1114068264241155,-1.2249685675511088,23.431336485801182,-20.974127326782572,21.526182010582012,-36.72813937709797,-3.8287790637197574,-15.347533020912067,-8.295208465608457,18.38091805510767,14.935997464448548,16.747760451057772,0.7579463613888038,-3.0595223221769317,7.07983847925928,-36.71528133470804,-19.289689397882157,-39.912992794938376,49.904878961238744
127,1,6.35,-26.512541320167543,-23.567316565104917,-38.90580562322484,7.01291512202377,-1.3586940728564727,23.419737653871252,-21.175013437374957,21.394933403361343,-37.13468453304912,-3.9528527274361664,-15.602928743497415,-8.275741176470582,18.319513746333726,14.889484211686934,16.66287122721549,0.7648489398581049,-3.2215927120058083,7.000557659293975,-37.05367321261233,-19.368242339137836,-40.322224363579096,50.73466406567604
128,1,6.4,-26.619147389915017,-23.565643321417728,-39.3048162034576,6.911694581792254,-1.4924365477328223,23.408135579454644,-21.375727900641746,21.26343031434797,-37.5432472318561,-4.062788377688541,-15.858236945741254,-8.25561954559602,18.258120221331566,14.842979127542662,16.577475878236925,0.7717746963345249,-3.3846067620527194,6.925017601321947,-37.3893445260112,-19.44131996380305,-40.71291469610016,51.52685372848836
129,1,6.45,-26.731155624251723,-23.564128653439674,-39.70270521396283,6.8072699626157345,-1.6261993860944344,23.396529614054053,-21.576327932358126,21.13175757080611,-37.95395023825842,-4.157909359478143,-16.113486801090822,-8.23506168689698,18.19673963685547,14.796483845739196,16.49147317909481,0.7787282664194493,-3.548599372161725,6.853356933932346,-37.72210105649618,-19.508947497953336,-41.08506379250158,52.28144794967567
130,1,6.5,-26.849362738426578,-23.5627626741436,-40.099247291916065,6.699166021380343,-1.759985981855408,23.38491910917211,-21.776870748299316,20.999999999999986,-38.36691631699554,-4.237539017806231,-16.368707482993194,-8.214285714285715,18.135374149659867,14.75,16.404761904761912,0.7857142857142918,-3.7136054421768705,6.785714285714285,-38.05174858565879,-19.571150167664243,-41.438671652783356,52.998446729237976
131,1,6.55,-26.974228615669553,-23.561494553468567,-40.494231049802124,6.587104770521577,-1.8937988238862147,23.37330358924413,-21.977413564240514,20.8682424291939,-38.782136505163294,-4.3012723708047425,-16.623928164895602,-8.193509741674436,18.074025341364532,14.703528788388951,16.317267823551546,0.7927361536601296,-3.8796409508047205,6.722153222395065,-38.37809289509059,-19.627953199011266,-41.773738276945494,53.677850067175314
132,1,6.6,-27.104865811135134,-23.56010968921834,-40.887501001343125,6.47159724467253,-2.027636780882119,23.36168327043587,-22.17801359595691,20.736569685652057,-39.19907492928285,-4.349791129128455,-16.879178020245142,-8.1729518829754,18.01269249305136,14.657069666331552,16.229024677139464,0.7997923250564583,-4.0466461922015,6.662437058254447,-38.70093976638309,-19.679381818069984,-42.09026366498799,54.31965796348764
133,1,6.65,-27.240050047958835,-23.55835253616289,-41.2789156355705,6.353351734015753,-2.161497816494581,23.35005854184574,-22.37872805922369,20.605066596638643,-39.61706398823178,-4.384048676562919,-17.134486222489002,-8.152830252100841,17.951374310667845,14.610621653593718,16.14009320054207,0.806880018542401,-4.214542539385953,6.606254044710447,-39.02009498112783,-19.725461250915906,-42.388247816910834,54.92387041817502
134,1,6.7,-27.378557049276285,-23.555967549072136,-41.668333441515685,6.233076528733697,-2.2953798943750883,23.338429792572143,-22.579614169816075,20.47381798941798,-40.03543608088761,-4.404998396893575,-17.389881945074336,-8.133362962962948,17.890069500161232,14.564183769941387,16.05053412877568,0.8139964527571735,-4.383251365376857,6.553292433180957,-39.335364320916355,-19.766216723624574,-42.667690732714036,55.49048743123736
135,1,6.75,-27.51916253822299,-23.552699182716047,-42.055612908210094,6.111479919008907,-2.429280978175143,23.326797411713493,-22.78072914350926,20.34290869125428,-40.45352360612787,-4.4135936739059325,-17.645394361448297,-8.114768129474001,17.828776767478985,14.517755035140468,15.96040819685662,0.821138846339899,-4.552694043192915,6.503240475083942,-39.646553567340185,-19.801673462271523,-42.92859241239759,56.019509002674745
136,1,6.8,-27.660642237934553,-23.548291891864615,-42.44061252468517,5.989270195023828,-2.5631990315461692,23.315161788368137,-22.982130196078437,20.212423529411765,-40.8706589628301,-4.41078789138551,-17.90105264505803,-8.09726386554621,17.767494818568494,14.471334468956876,15.869776139801303,0.8283044179296866,-4.722791945852855,6.455786421837367,-39.95346850199086,-19.831856692932277,-43.17095285596151,56.510935132487106
137,1,6.85,-27.801771871546496,-23.542490131287757,-42.82319077997234,5.867155646961017,-2.697132018139712,23.30352331163455,-23.183874543298806,20.082447331154675,-41.286174549871845,-4.397534433117784,-18.15688596935071,-8.08106828509181,17.70622235937715,14.424921091156556,15.778698692626051,0.835490386165759,-4.893466446375392,6.410618524859167,-40.25591490645992,-19.856791641682378,-43.39477206340578,56.96476582067451
138,1,6.9,-27.94132716219443,-23.535038355755432,-43.20320616310305,5.74584456500294,-2.8310779016071876,23.291882370611084,-23.386019400945564,19.953064923747263,-41.69940276613063,-4.374786682888285,-18.412923507773478,-8.066399502023021,17.644958095852346,14.378513921505402,15.687236590347197,0.842693969687204,-5.0646389177793125,6.36742503556728,-40.553698562338894,-19.87650353459737,-43.600050034730415,57.3810010672369
139,1,6.95,-28.078083833013896,-23.525681020037588,-43.5805171631087,5.626045239332086,-2.9650346456001486,23.280239354396144,-23.58862198479393,19.824361134453795,-42.109676010484016,-4.343498024482479,-18.669194433773526,-8.053475630252098,17.583700733941413,14.332111979769337,15.595450567981146,0.8499123871331804,-5.236230733083296,6.325894205379676,-40.84662525121931,-19.891017597752814,-43.78678676993539,57.7596408721743
140,1,7.0,-28.21081760714045,-23.5141625789042,-43.95498226902073,5.508465960130977,-3.0990002137699832,23.268594652088133,-23.791739510619063,19.696420790538433,-42.51632668180952,-4.304621841685886,-18.925727920797954,-8.042514783691246,17.52244897959183,14.285714285714278,15.503401360544217,0.8571428571428541,-5.408163265306108,6.285714285714292,-41.13450075469271,-19.90035905722415,-43.95498226902073,58.10068523548673
141,1,7.05,-28.338304207709665,-23.50022748712521,-44.326459969870584,5.393815017582085,-3.2329725697682647,23.256948652785475,-23.995429194196205,19.569328719265485,-42.91868717898468,-4.259111518283969,-19.182553142293955,-8.03373507625271,17.46120153875094,14.239319859106168,15.4111497030528,0.8643825983553697,-5.580357887466498,6.246573527989078,-41.41713085435062,-19.904553139086993,-45.29103984872325,56.417653232828464
142,1,7.1,-28.45931935785712,-23.483620199470593,-44.69480875468968,5.282800701867949,-3.36694967724641,23.245301745586538,-24.199748251300527,19.443169747899162,-43.31608990088705,-4.207920438062299,-19.43969927170869,-8.027354621848744,17.399957117366142,14.192927719710916,15.3187563305232,0.8716288294098717,-5.7527359725831815,6.2081601836219775,-41.69432133178457,-19.90362506941687,-46.532149174030664,54.85422756538454
143,1,7.15,-28.572638780718346,-23.464085170710284,-45.05988711250946,5.176131303171033,-3.5009294998559213,23.233654319589725,-24.404753897707245,19.31802870370371,-43.70786724639415,-4.152001984806272,-19.697195482489306,-8.023591534391528,17.338714421384807,14.146536887294417,15.22628197797178,0.8788787689455049,-5.9252188936748595,6.170162504030962,-41.96587796858611,-19.897600074289294,-47.67831024494298,53.4104082331549
144,1,7.2,-28.677038199428917,-23.44136685561425,-45.42155353236134,5.074515111673854,-3.634910001248258,23.22200676389346,-24.610503349191532,19.19399041394336,-44.09335161438352,-4.092309542301464,-19.95507094808294,-8.022663927793321,17.277472156754357,14.10014638162263,15.133787380414915,0.8861296356014137,-6.097728023760297,6.132268740633947,-42.23160654634677,-19.88650337977982,-48.729523061460185,52.086195236139524
145,1,7.25,-28.771293337124405,-23.415209708952418,-45.77966650327675,4.978660417558899,-3.768889145074951,23.21035946759612,-24.817053821528614,19.07113970588236,-44.47187540373271,-4.0297964943333575,-20.213354841936784,-8.024789915966384,17.216229029422152,14.05375522246144,15.041333272868968,0.8933786480167711,-6.270184735858216,6.09416714484891,-42.49131284665807,-19.870360211963963,-49.685787623582286,50.881588574338465
146,1,7.3,-28.854179916940375,-23.38535818549478,-46.13408451428714,4.8892755110086625,-3.9028648949874167,23.198712819796114,-25.02446253049368,18.94956140678493,-44.84277101331925,-3.9654162246874343,-20.472076337497953,-8.030187612822896,17.1549837453356,14.007362429576794,14.948980390350286,0.9006230248306935,-6.442510402987374,6.055545968093774,-42.744802651111556,-19.84919579691725,-50.54710393130929,49.79658824775167
147,1,7.35,-28.92447366201239,-23.351556740011297,-46.48466605442391,4.807068682205653,-4.036835214637144,23.187067209591838,-25.232786691861925,18.82934034391534,-45.20537084202068,-3.9001221171492197,-20.731264608213664,-8.039075132275155,17.09373501044213,13.9609670227346,14.856789467875217,0.9078599846823465,-6.614626398166486,6.016093461786511,-42.99188174129876,-19.82303536071526,-51.31347198464119,48.831194256379185
148,1,7.4,-28.980950295475996,-23.31354982727187,-46.831269612718515,4.7327482213324,-4.170798067675641,23.175423026081702,-25.442083521408566,18.710561344537822,-45.559007288714525,-3.8348675555041716,-20.990948827531014,-8.051670588235297,17.03248153068904,13.91456802170078,14.76482124046008,0.9150867462109034,-6.786454094414275,5.97549787734507,-43.23235589881122,-19.79190412943349,-51.984891783577986,47.985406600220976
149,1,7.45,-29.022385540466797,-23.271081902046483,-47.17375367820238,4.6670224185713565,-4.304751417754382,23.163780658364104,-25.652410234908782,18.593309235916593,-45.90301275227834,-3.770605923537797,-21.25115816889719,-8.068192094615608,16.9712220120238,13.86816444624126,14.673136443121265,0.9223005280554659,-6.957914864749519,5.933447466187374,-43.46603090524046,-19.75582732914746,-52.56136332811968,47.25922527927707
150,1,7.5,-29.047555120120307,-23.22389741910513,-47.51197673990693,4.61059956410503,-4.438693228524855,23.15214049553743,-25.86382404813778,18.477668845315904,-46.236719631589665,-3.7082906050356534,-21.51192180575935,-8.088857765328367,16.90995516039372,13.82175531612193,14.581795810875164,0.929498548855193,-7.128930082190884,5.88963047973138,-43.692712542178015,-19.71483018593277,-53.04288661826627,46.65265029354746
151,1,7.55,-29.055234757572123,-23.171740833217694,-47.8457972868636,4.564187948115929,-4.572621463638498,23.1405029267001,-26.07638217687076,18.36372500000001,-46.55946032552602,-3.6488749837831733,-21.77326891156462,-8.113885714285711,16.84867968174629,13.775339651108744,14.490860078738038,0.936678027249279,-7.29942111975717,5.843735169395082,-43.91220659121543,-19.668937925864885,-53.429461654017764,46.16568164303212
152,1,7.6,-29.044200175957794,-23.114356599154192,-48.17507380810381,4.528495860786556,-4.706534086746821,23.12886834095052,-26.2901418368829,18.25156252723312,-46.870567232964945,-3.593312443565882,-22.03522865976021,-8.143494055399952,16.787394282028814,13.728916470967619,14.400389981726335,0.9438361818768257,-7.46930935046705,5.79544978659635,-44.12431883394423,-19.618175775019388,-53.72108843537415,45.79831932773109
153,1,7.65,-29.013227098412884,-23.05148917168455,-48.499664792659004,4.504231592299384,-4.840429061501297,23.117237127387043,-26.50516024394943,18.141266254279486,-47.169372752783985,-3.5425563681692545,-22.297830223793227,-8.177900902583247,16.72609766718878,13.682484795464468,14.310446254856359,0.9509702313769779,-7.638516147339288,5.7444625827531794,-44.32885505195595,-19.56256895947177,-53.72108843537415,45.79831932773109
154,1,7.7,-28.961091248072968,-22.982883005578742,-48.819428729560606,4.492103432836956,-4.974304351553421,23.10560967510812,-26.721494613845536,18.032921008403363,-47.45520928386069,-3.4975601413788198,-22.561102777110847,-8.217324369747903,16.664788543173458,13.636043644365202,14.221089633144473,0.9580773943889014,-7.806962883392636,5.6904618092835335,-44.52562102684212,-19.502142705297594,-53.72108843537415,45.79831932773109
155,1,7.75,-28.886568348073606,-22.9082825556067,-49.13422410784004,4.4928196725817315,-5.108157920554618,23.09398637321212,-26.939202162346426,17.926611616868975,-47.72740922507258,-3.4592771469800674,-22.825075493160234,-8.261982570806097,16.603465615930347,13.589592037435743,14.13238085160701,0.9651548895517479,-7.9745709316458,5.633135717605327,-44.714422540194285,-19.436922238572393,-53.72108843537415,45.79831932773109
156,1,7.8,-28.78843412155035,-22.827432276538396,-49.443909416528754,4.507088601716234,-5.241987732156453,23.082367610797476,-27.158340105227275,17.822422906940545,-47.9853049752972,-3.428660768758487,-23.089777545388532,-8.312093619670073,16.542127591406782,13.543128994442014,14.044380645260404,0.9721999355046762,-8.141261665117497,5.5721725591365185,-44.89506537360396,-19.366932785371723,-53.72108843537415,45.79831932773109
157,1,7.85,-28.665464291638763,-22.740076623143757,-49.74834314465816,4.53561851042295,-5.375791750010322,23.07075377696254,-27.378965658263315,17.720439705882335,-48.22822893341207,-3.4066643904995892,-23.3552381072429,-8.367875630252115,16.480773175550155,13.496653535149939,13.957149749120887,0.9792097508867883,-8.306956456826512,5.507260585295057,-45.067355308662705,-19.29219957177105,-53.72108843537415,45.79831932773109
158,1,7.9,-28.516434581474428,-22.645960050192777,-50.0473837812597,4.579117688884381,-5.509567937767741,23.05914526080577,-27.601136037229708,17.620746840958603,-48.455513498294756,-3.3942413959888356,-23.621486352170507,-8.429546716464362,16.419401074307828,13.450164679325447,13.87074889820488,0.9861815543373069,-8.47157667979156,5.4380880474989155,-45.23109812696203,-19.212747823845987,-53.72108843537415,45.79831932773109
159,1,7.95,-28.3401207141929,-22.54482701245538,-50.34088981536479,4.6382944272830215,-5.6433142590802206,23.04754245142552,-27.824908457901667,17.523429139433553,-48.66649106882278,-3.3923451690117723,-23.888551453618476,-8.497324992219106,16.358009993627263,13.40366144673446,13.785238827528744,0.9931125644953269,-8.635043707031343,5.364343197166001,-45.38609961009348,-19.128602767672017,-53.72108843537415,45.79831932773109
160,1,8.0,-28.135298412929743,-22.436421964701537,-50.628719736004875,4.713857015801381,-5.7770286775991835,23.035945737920215,-28.050340136054423,17.42857142857143,-48.86049404387368,-3.4019290933538784,-24.15646258503401,-8.571428571428562,16.29659863945578,13.357142857142854,13.700680272108855,1.0,-8.797278911564618,5.285714285714292,-45.53216553964859,-19.039789629324684,-53.72108843537415,45.79831932773109
161,1,8.05,-28.135298412929743,-22.436421964701537,-50.628719736004875,4.713857015801381,-5.7770286775991835,23.035945737920215,-28.050340136054423,17.42857142857143,-48.86049404387368,-3.4019290933538784,-24.15646258503401,-8.571428571428562,16.29659863945578,13.357142857142854,13.700680272108855,1.0,-8.797278911564618,5.285714285714292,-45.53216553964859,-19.039789629324684,-53.72108843537415,45.79831932773109
162,1,8.1,-28.135298412929743,-22.436421964701537,-50.628719736004875,4.713857015801381,-5.7770286775991835,23.035945737920215,-28.050340136054423,17.42857142857143,-48.86049404387368,-3.4019290933538784,-24.15646258503401,-8.571428571428562,16.29659863945578,13.357142857142854,13.700680272108855,1.0,-8.797278911564618,5.285714285714292,-45.53216553964859,-19.039789629324684,-53.72108843537415,45.79831932773109
163,1,8.15,-28.135298412929743,-22.436421964701537,-50.628719736004875,4.713857015801381,-5.7770286775991835,23.035945737920215,-28.050340136054423,17.42857142857143,-48.86049404387368,-3.4019290933538784,-24.15646258503401,-8.571428571428562,16.29659863945578,13.357142857142854,13.700680272108855,1.0,-8.797278911564618,5.285714285714292,-45.53216553964859,-19.039789629324684,-53.72108843537415,45.79831932773109
164,1,8.2,-28.135298412929743,-22.436421964701537,-50.628719736004875,4.713857015801381,-5.7770286775991835,23.035945737920215,-28.050340136054423,17.42857142857143,-48.86049404387368,-3.4019290933538784,-24.15646258503401,-8.571428571428562,16.29659863945578,13.357142857142854,13.700680272108855,1.0,-8.797278911564618,5.285714285714292,-45.53216553964859,-19.039789629324684,-53.72108843537415,45.79831932773109
165,1,8.25,-28.135298412929743,-22.436421964701537,-50.628719736004875,4.713857015801381,-5.7770286775991835,23.035945737920215,-28.050340136054423,17.42857142857143,-48.86049404387368,-3.4019290933538784,-24.15646258503401,-8.571428571428562,16.29659863945578,13.357142857142854,13.700680272108855,1.0,-8.797278911564618,5.285714285714292,-45.53216553964859,-19.039789629324684,-53.72108843537415,45.79831932773109
166,1,8.3,-28.135298412929743,-22.436421964701537,-50.628719736004875,4.713857015801381,-5.7770286775991835,23.035945737920215,-28.050340136054423,17.42857142857143,-48.86049404387368,-3.4019290933538784,-24.15646258503401,-8.571428571428562,16.29659863945578,13.357142857142854,13.700680272108855,1.0,-8.797278911564618,5.285714285714292,-45.53216553964859,-19.039789629324684,-53.72108843537415,45.79831932773109
