frame,Period,Time [s],Away_11_x,Away_11_y,Away_1_x,Away_1_y,Away_2_x,Away_2_y,Away_3_x,Away_3_y,Away_4_x,Away_4_y,Away_5_x,Away_5_y,Away_6_x,Away_6_y,Away_7_x,Away_7_y,Away_8_x,Away_8_y,Away_9_x,Away_9_y,Away_10_x,Away_10_y,ball_y
0,1,0.0,-41.95110731939435,-0.3408267973770833,-10.167346938775523,23.714285714285715,-10.744217687074837,1.5714285714285694,-10.599999999999994,-7.285714285714285,7.138775510204084,26.999999999999993,13.05170068027212,19.285714285714285,13.772789115646262,11.285714285714285,4.975510204081623,20.14285714285714,-1.4534428595770805,11.396210021750797,4.110204081632645,-6.285714285714292,-10.167346938775523,15.857142857142854,24.284477301458686
1,1,0.05,-41.95254013610206,-0.3087574086955627,-9.98745200349002,23.768739551144506,-10.678158087192926,1.611004921280255,-10.533804926809331,-7.2340504588668075,7.267535189152369,27.064395637175323,13.084141436229345,19.22696115310471,13.73529230190941,11.21928583857548,5.035158324491711,20.111077889103093,-1.392082096266357,11.117054089644313,4.303308480609175,-6.39091060613508,-10.22910952758592,15.800841343918478,23.207248568666174
2,1,0.1,-41.95848203216223,-0.278807803643204,-9.817821387977148,23.818212370510004,-10.618001657172954,1.648604797729142,-10.475781464969756,-7.1862153163669475,7.393608579803143,27.12542050865801,13.115184633516279,19.168654592803023,13.698161297155224,11.1526460159632,5.0909098035199065,20.078073329274886,-1.3354783078900638,10.848605322405717,4.484011771469895,-6.495748639379801,-10.286233670156754,15.749753194285134,22.141756180044183
3,1,0.15,-41.96884684682291,-0.2509374768003454,-9.658372622623936,23.862715771368094,-10.563719999907796,1.6841904993791132,-10.425817763833436,-7.142191366171218,7.517014226625314,27.183102658279232,13.144841464879974,19.110791028307624,13.661392352543288,11.085796984070612,5.142794176088032,20.043854020393667,-1.2836676010580348,10.590574875786189,4.652418731132869,-6.6002294571840245,-10.338973212409677,15.703615625662309,21.088000135592672
4,1,0.2,-41.98354841933215,-0.22510592274726804,-9.509023237817246,23.902261352704627,-10.515284718290275,1.7177243248340446,-10.3838019727526,-7.1019611162363,7.637770674087825,27.237470129870132,13.173123123067413,19.053366883116873,13.624981719233134,11.018740909090916,5.1908409771181,20.00843051948052,-1.236686082380217,10.342673905536763,4.808634136516048,-6.704354131283303,-10.387582000266427,15.662165855469475,20.045980435311662
5,1,0.25,-42.00250058893799,-0.20127263606438106,-9.369690763944035,23.93686071350548,-10.472667415213209,1.7491685726978332,-10.349622241079466,-7.0655070745188056,7.755896466659578,27.28855096726192,13.200040800825533,18.996378580729164,13.588925648384361,10.951479957217266,5.235079741532033,19.971813383556558,-1.194569858466366,10.104613567408585,4.952762764537468,-6.808123733413197,-10.432313879648675,15.625141101126104,19.015697079201175
6,1,0.3,-42.025617194888476,-0.17939711133195857,-9.24029273139125,23.966525452756535,-10.435839693569427,1.778485541574348,-10.323166718166256,-7.032811748975352,7.871410148809531,27.336373214285693,13.225605690901375,18.939822544642844,13.553220391156458,10.884016294642862,5.2755400042517095,19.93401316964286,-1.1573550359264004,9.876105017152732,5.084909392115108,-6.911539335309236,-10.473422696478117,15.592278580051662,17.99715006726118
7,1,0.35,-42.052812076431636,-0.15943884313037415,-9.120746670545891,23.991267169443702,-10.404773156251807,1.8056375300675214,-10.304323553365172,-7.003857647562537,7.984330265006562,27.380964914772726,13.249828986041848,18.883695198356335,13.517862198709011,10.816352087560887,5.312251300199044,19.895040434760553,-1.1250777213702108,9.656859410520319,5.205178796166926,-7.014602008706952,-10.511162296676495,15.563315509665664,16.99033939949168
8,1,0.4,-42.083999072815516,-0.14135732603994455,-9.010970111794819,24.011097462552797,-10.379439406153132,1.8305868367811797,-10.292980896028425,-6.978627278236999,8.094675359719645,27.42235411255413,13.272721878994005,18.827992965367976,13.482847322201593,10.74848950216451,5.345243164296022,19.854905735930735,-1.0977740214076093,9.44658790326244,5.313675753610966,-7.117312825341976,-10.545786526165472,15.537989107387553,15.995265075892696
9,1,0.45,-42.11909202328817,-0.12511205464100073,-8.910880585525057,24.026027931069734,-10.359810046166253,1.8532957603192202,-10.289026895508215,-6.9571031489553405,8.202463977417672,27.46056885146104,13.2942955625048,18.772712269176147,13.448172012793748,10.68043070464691,5.374545131464522,19.81361963017452,-1.075480042648472,9.245001651130181,5.410505041365234,-7.219672856949799,-10.577549230866786,15.516036590636809,15.011927096464198
10,1,0.5,-42.15800476709763,-0.11066252351390204,-8.820395622123478,24.036070173980328,-10.345856679184017,1.8737265992855754,-10.292349701156773,-6.9392677676742025,8.307714662569595,27.495637175324674,13.31456122932127,18.717849533279228,13.413832521645006,10.612177861201303,5.400186736626473,19.77119267451299,-1.0582318917026328,9.051811809874678,5.495771436347667,-7.321683175266049,-10.606704256702088,15.497195176832918,14.040325461206216
11,1,0.55,-42.20065114349194,-0.09796822723893683,-8.739432751977063,24.041235790270555,-10.337550908099281,1.8918416522840786,-10.30283746232628,-6.925103642350209,8.410445959644285,27.527587127976183,13.333530072190328,18.663401181175594,13.379825099914981,10.54373313802084,5.4221975147037895,19.727635425967264,-1.0460656751800315,8.866729535247003,5.569579715476294,-7.423344852026176,-10.633505449593123,15.481202083395353,13.08046017011874
12,1,0.6,-42.24694499171913,-0.08698866039648578,-8.667909505472778,24.041536378926196,-10.334864335804852,1.9076032179186342,-10.320378328369003,-6.9145932809399255,8.510676413110708,27.556446753246753,13.351213283858982,18.60936363636364,13.346145998763134,10.475098701298705,5.440607000618428,19.68295844155844,-1.039017499690459,8.689465982998286,5.632034655669145,-7.52465895896578,-10.658206655461584,15.467794527743571,12.13233122320176
13,1,0.65,-42.29680015102727,-0.07768331756685853,-8.605743412997576,24.03698353893317,-10.337768565193564,1.9209735947931321,-10.344860448637093,-6.907719191400037,8.608424567437773,27.582244094967535,13.367622057074271,18.555733322341716,13.312791469349094,10.406276717228096,5.455444729292289,19.63717227830763,-1.037123471843799,8.519732308879611,5.683241033844169,-7.62562656782044,-10.68106172022916,15.456709727297088,11.195938620455287
14,1,0.7,-42.35013046066438,-0.07001169333039314,-8.55285200493833,24.027588869277345,-10.346235199158244,1.9319150815114554,-10.376171972482808,-6.904463881687139,8.7037089670944,27.6050071969697,13.382767584583092,18.502506662608234,13.279757762832404,10.337269352002174,5.466740235647272,19.590287493235927,-1.0404196982499059,8.357239668642073,5.723303626919339,-7.726248750325677,-10.702324489817542,15.447684899475313,10.271282361879294
15,1,0.75,-42.406849759878504,-0.06393328226742767,-8.509152811682036,24.013363968944596,-10.360235840591741,1.9403899766774728,-10.414201049258331,-6.904809859757844,8.796548156549555,27.624764103084424,13.396661059132455,18.449680080661516,13.24704113037258,10.268078771814125,5.474523054605385,19.542314643364442,-1.0489422855186703,8.20169921803678,5.752327211812698,-7.826526578217091,-10.722248810148471,15.440457261697823,9.358362447473809
16,1,0.8,-42.46687188791769,-0.0594075789583286,-8.474563363615644,23.994320436920788,-10.379742092386927,1.9463605788951028,-10.458835828315877,-6.908739633568739,8.886960680272075,27.641542857142845,13.409313673469384,18.397250000000007,13.214637823129237,10.198707142857153,5.478822721088434,19.493264285714275,-1.062727340259947,8.052822112814845,5.770416565442204,-7.926461123230158,-10.741088527143646,15.434764031383985,8.457178877238853
17,1,0.85,-42.530110684029985,-0.05639407798337004,-8.4490011911261,23.9704698721918,-10.404725557436535,1.9497891867682,-10.50996445900767,-6.916235711076517,8.974965082731025,27.65537150297621,13.420736620340847,18.345212844122017,13.182544092261878,10.129156631324413,5.479668770018435,19.443146977306547,-1.0818109690835342,7.910319508727355,5.77767646472595,-8.026053457100524,-10.759097486724727,15.430342425953341,7.567731651174384
18,1,0.9,-42.59647998746341,-0.05485227392293268,-8.432383824600329,23.94182387374353,-10.43515783863355,1.9506380989006828,-10.567475090685932,-6.927280600237733,9.060579908395177,27.666278084415595,13.430941092493825,18.29356503652597,13.150756188930117,10.05942940340909,5.477090736317244,19.39197327516235,-1.106229278599379,7.773902561525418,5.774211686581765,-8.125304651563663,-10.776529534813463,15.426929662825366,6.690020769280409
19,1,0.95,-42.66589363746603,-0.054741661357326166,-8.424628794425281,23.908394040561795,-10.471010538870651,1.9488696138963775,-10.631255872702845,-6.941856809009032,9.143823701733531,27.674290645292217,13.4399382826753,18.24230300071023,13.119270364293442,9.989527625304383,5.471118154906833,19.339753736302754,-1.1360183754172866,7.643282426960127,5.760127007927785,-8.224215778355184,-10.793638517331459,15.424262959419508,5.824046231556935
20,1,1.0,-42.73826547328588,-0.056021734866881445,-8.425653630987924,23.870191971632522,-10.512255261040785,1.944446030359245,-10.701194954410617,-6.959946845347023,9.22471500721501,27.67943722943724,13.447739383632225,18.191423160173173,13.088082869511425,9.91945346320346,5.461780560709116,19.286498917748922,-1.1712143661471401,7.518170260782597,5.735527205681926,-8.32278790921061,-10.810678280200541,15.422079533155248,4.9698080380039755
21,1,1.05,-42.81350933417099,-0.058651989031965,-8.43537586467518,23.827229265941583,-10.558863608036738,1.9373296468931258,-10.777180485161487,-6.98153321720833,9.303272369308544,27.681745880681802,13.454355588111639,18.14092193841315,13.057189955743652,9.849209083299513,5.449107488646042,19.23221937652192,-1.2118533573988302,7.398277218743914,5.700517056762223,-8.421022115865512,-10.827902669342357,15.420116601452087,4.12730618862151
22,1,1.1,-42.89153905936941,-0.06259191843289358,-8.45371302587401,23.77951752247482,-10.61080718275133,1.9274827621019028,-10.859100614307657,-7.0065984325495805,9.379514332483012,27.681244642857152,13.459798088860552,18.09079575892857,13.02658787414964,9.778796651785704,5.433128473639449,19.176925669642856,-1.2579714557821973,7.2833144565952,5.655201338086691,-8.518919470055437,-10.845565530678613,15.418111381729481,3.296540683409539
23,1,1.15,-42.97226848812918,-0.06780101764998392,-8.480582644971335,23.727068340218132,-10.668057588077467,1.9148676745894733,-10.946843491201335,-7.035124999327369,9.453459441207357,27.677961559794383,13.464078078625874,18.041041045217803,12.996272875888963,9.708218334855246,5.413873050611372,19.12062835413284,-1.3096047679070537,7.172993130087548,5.599684826573252,-8.616481043515929,-10.863920710131005,15.41580109140692,2.4775115223680757
24,1,1.2,-43.055611459698355,-0.0742387812635883,-8.515902252354124,23.669893318157392,-10.730586426907927,1.89944668295972,-11.040297265194745,-7.067095425498355,9.525126239950545,27.67192467532469,13.467206750154617,17.991654220779225,12.966241212121204,9.637476298701301,5.391370754483617,19.063337987012986,-1.3667894003833325,7.0670243949720515,5.534072299139943,-8.713707907982567,-10.88322205362121,15.412922947903823,1.6702187054971347
25,1,1.25,-43.14148181332496,-0.08186470385405897,-8.559589378409285,23.608004055278464,-10.798365302135572,1.8811820858165618,-11.139350085640075,-7.1024922190191155,9.594533273181447,27.663162033279214,13.46919529619376,17.942631709111204,12.936489134005868,9.566572709517054,5.3656511201782,19.005065125304384,-1.4295614598208743,6.965119406999804,5.458468532704785,-8.810601135190883,-10.903723407070999,15.40921416863975,0.8746622327966733
26,1,1.3,-43.22979338825705,-0.0906382800017127,-8.611561553523849,23.541412150567226,-10.871365816653181,1.8600361817638102,-11.243890101889562,-7.141297887846303,9.661699085369015,27.651701677489186,13.470054909490315,17.89396993371212,12.907012892702525,9.495509733495666,5.336743682616984,18.945820326028134,-1.4979570528295127,6.8669893219219205,5.372978304185743,-8.907161796876451,-10.925678616402003,15.40441197103415,0.09084210426671291
27,1,1.35,-43.320460023742655,-0.10051900428687333,-8.671736308084675,23.470129203009556,-10.949559573353639,1.8359712694054124,-11.353805463295394,-7.183494939936491,9.726642220982129,27.637571651785706,13.469796782791235,17.845665318080364,12.877808739370707,9.424289536830365,5.304677976721933,18.885614146205363,-1.5720122860191594,6.772345295489522,5.277706390500796,-9.003390964774802,-10.949341527535957,15.398253572506455,-0.6812416800927394
28,1,1.4,-43.41339555902982,-0.11146637128988601,-8.740031172478744,23.394166811591333,-11.032918175129808,1.80894964734523,-11.46898431920981,-7.229065883246356,9.789381224489816,27.620800000000003,13.46843210884353,17.797714285714285,12.848872925170042,9.352914285714284,5.2694835374149775,18.824457142857135,-1.651763265999648,6.680898483453674,5.172757568567967,-9.099289710621495,-10.974965986394558,15.390476190476193,-1.4415891202816695
29,1,1.45,-43.50851383336659,-0.12343987559109593,-8.816363677093001,23.3135365752984,-11.121413224874466,1.778933614187153,-11.589314818985002,-7.277993225732477,9.849934640360864,27.60141476596322,13.465972080394181,17.750113260112293,12.820201701260032,9.281386146340651,5.231189899617988,18.7623598730046,-1.7372460993808474,6.59236004156552,5.058236615305226,-9.194859106152094,-11.002805838899512,15.380817042362814,-2.190200216300134
30,1,1.5,-43.605728686001015,-0.1363990117708127,-8.900651352314384,23.2282500931167,-11.215016325480484,1.7458854685350929,-11.714685111973168,-7.330259475351479,9.908321013064345,27.57944399350648,13.462427890190185,17.702858664772712,12.79179131880025,9.209707284902592,5.189826598252971,18.699332893668824,-1.8284968927725487,6.506441125576096,4.934248307630618,-9.290100223102176,-11.03311493097253,15.369013345585806,-2.92707496814808
31,1,1.55,-43.70495395618112,-0.15030327440938152,-8.992811728529837,23.138318964032052,-11.313699079840674,1.7097675089928899,-11.844983347526558,-7.385847140059973,9.964558887069032,27.55491572646104,13.457810730978466,17.655946923194,12.763638028950197,9.137879867593348,5.14542316824172,18.63538676187094,-1.925551752784763,6.422852891236587,4.800897422462114,-9.385014133207235,-11.066147108535283,15.354802317564626,-3.6522133758255144
32,1,1.6,-43.80610348315497,-0.16511215808716173,-9.092762336126334,23.04375478703031,-11.417433090847915,1.6705420341644341,-11.980097674997353,-7.444738727814624,10.018666806843946,27.527858008658008,13.452131795506105,17.609374458874463,12.735738082869503,9.065906060606068,5.098009144506314,18.57053203463203,-2.02844678602721,6.341306494298024,4.658288736717665,-9.479601908202877,-11.102156217509474,15.337921175718769,-4.365615439332473
33,1,1.65,-43.90909110617058,-0.18078515738444167,-9.200420705490778,22.944569161097398,-11.526189961394955,1.628171342653637,-12.119916243737784,-7.506916746572006,10.070663316858024,27.49829888392857,13.445402276520014,17.56313769531249,12.708087731717697,8.993788030133913,5.047614061968552,18.504779268973216,-2.137218099109809,6.261513090511528,4.506527027315336,-9.573864619824644,-11.141396103816831,15.318107137467706,-5.067281158668909
34,1,1.7,-44.013830664476004,-0.19728176688160914,-9.315704367010149,22.84077368521919,-11.639941294374736,1.5826177330643816,-12.264327203100073,-7.57236370428874,10.120566961580089,27.466266396103904,13.437633366767173,17.517233056006503,12.680683226654295,8.921527942370133,4.994267455550407,18.438139021915596,-2.2519017986424714,6.1831838356282205,4.3457170711730555,-9.667803339808057,-11.184120613379044,15.295097420230903,-5.757210533834847
35,1,1.75,-44.120235997319284,-0.21456148115897378,-9.43853085107137,22.73237995838153,-11.758658692680001,1.5338435040005365,-12.413218702436367,-7.641062108921453,10.168396285479169,27.431788589015127,13.428836258994622,17.471656964454816,12.6535208188389,8.84912796350784,4.937998860173813,18.37062185048024,-2.372533991234974,6.106029885399195,4.17596364520891,-9.761419139888726,-11.230583592117803,15.268629241427867,-6.435403564830274
36,1,1.8,-44.22822094394846,-0.23258379479685232,-9.56881768806138,22.6193995795703,-11.882313759203655,1.4818109540659847,-12.566478891098939,-7.712994468426757,10.214169833024123,27.394893506493496,13.419022145949285,17.426405844155852,12.626596759431038,8.77659025974026,4.878837810760672,18.302238311688313,-2.499150783497221,6.029762395575553,3.997371526340814,-9.854713091802171,-11.28103888595485,15.238439818478035,-7.101860251655221
37,1,1.85,-44.33769934361158,-0.25130820237559703,-9.706482408367158,22.501844147771394,-12.010878096838496,1.4264823818646306,-12.72399591843999,-7.788143290761262,10.257906148683887,27.35560919237014,13.4082022203782,17.38147611860795,12.59990729959027,8.703916997260563,4.816813842232925,18.232998962560885,-2.631788282039082,5.954092521908386,3.8100454914867328,-9.947686267283931,-11.335740340811832,15.204266368800901,-7.7565805943096535
38,1,1.9,-44.44858503555668,-0.2706941984755389,-9.851442542375622,22.379725261970677,-12.144323308477382,1.367820086000357,-12.88565793381175,-7.8664910838816375,10.299623776927447,27.313963690476186,13.396387675028336,17.336864211309532,12.573448690476141,8.631110342261906,4.751956489512473,18.162914360119053,-2.770482593470362,5.878731420148789,3.6140903175647665,-10.040339738069601,-11.394941802610496,15.165846109815938,-8.399564592793574
39,1,1.95,-44.56079185903181,-0.29070127767704435,-10.003615620473724,22.25305452115402,-12.282620997013098,1.3057863650770472,-13.051353086566365,-7.94802035574445,10.339341262223655,27.26998504464286,13.383589702646702,17.292566545758923,12.547217183248293,8.558172460937499,4.684295287521266,18.09199506138392,-2.9152698244010153,5.80339024604789,3.4096107814928587,-10.132674575894697,-11.458897117272514,15.122916258942638,-9.030812247107004
40,1,2.0,-44.674233653285,-0.3112889345603591,-10.16291917304843,22.12184352430728,-12.425742765338534,1.2403435176985766,-13.220969526056102,-8.032713614306363,10.377077149041455,27.223701298701307,13.369819495980238,17.24857954545454,12.521209029066185,8.48510551948052,4.613859771181232,18.020251623376616,-3.0661860814408257,5.727780155356761,3.196711660188967,-10.224691852494828,-11.527860130719603,15.075214033600446,-9.650323557249937
41,1,2.05,-44.78882425756429,-0.3324166637059278,-10.329270730486662,21.986103870416365,-12.573660216346518,1.1714538424688499,-13.39439540163314,-8.120553367523936,10.412849981849781,27.175140496482683,13.355088247775939,17.204899633894748,12.495420479089347,8.411911684084146,4.540679475414237,17.94769460311823,-3.223267471199698,5.651612303826532,2.975497730571192,-10.316392639605507,-11.60208468887344,15.022476651208848,-10.258098523222358
42,1,2.1,-44.90447751111774,-0.3540439596940317,-10.502587823175354,21.84584715846713,-12.726344952929878,1.0990796379917072,-13.571518862649775,-8.211522123353816,10.446678305117509,27.124330681818194,13.339407150780787,17.16152323457792,12.469847784477437,8.33859312094156,4.464783935142243,17.874334557629858,-3.3865501002875007,5.574597847208288,2.7460737695574124,-10.40777800896226,-11.68182463765578,14.964441329187359,-10.854137145024271
43,1,2.15,-45.021107253193385,-0.37613031710498745,-10.682787981501491,21.70108498744544,-12.883768577981442,1.0231832028710883,-13.75222805845808,-8.305602389752654,10.478580663313615,27.07129989853896,13.322787397741777,17.118446771002432,12.444487196389915,8.26515199624594,4.386202685287209,17.800182043932644,-3.5560700753140253,5.496447941253159,2.508544554065679,-10.498849032300669,-11.767333822988263,14.900845284955388,-11.43843942265569
44,1,2.2,-45.13862732303925,-0.3986352305191545,-10.86978873585199,21.551828956337197,-13.045902694394059,0.9437268357108763,-13.936411138410385,-8.402776674677025,10.508575600907037,27.01607619047619,13.305240181405878,17.075666666666663,12.419334965986408,8.19159047619047,4.30496526077097,17.72524761904762,-3.731863502889219,5.416873741712173,2.263014861013964,-10.58960678135632,-11.858866090792645,14.831425735932456,-12.011005356116616
45,1,2.25,-45.2569515599034,-0.4215181945168638,-11.06350761661379,21.398090664128247,-13.212718905060541,0.8606728351149258,-14.123956251858843,-8.503027486083543,10.536681662366654,26.958687601461037,13.286776694520157,17.033179345068987,12.394387344426406,8.117910726968347,4.221101196515548,17.64954183999594,-3.913966489622908,5.335586404336503,2.009589467320353,-10.680052327864743,-11.956675286990588,14.755919899538029,-12.571834945407048
46,1,2.3,-45.375993803033865,-0.4447387036784818,-11.26386215417385,21.239881709804486,-13.384188812873738,0.7739834996871195,-14.314751548155698,-8.60633733192886,10.56291739216141,26.899162175324662,13.267408129831466,16.990981229707792,12.369640582869508,8.044114914772727,4.1346400274428206,17.5730752637987,-4.102415142124926,5.252297084877242,1.748373149902669,-10.770186743561467,-12.06101525750379,14.674064993191585,-13.120928190526943
47,1,2.35,-45.49566789167869,-0.4682562525842542,-11.470769878919114,21.077213692351783,-13.56028402072647,0.6836211280313549,-14.50868517665311,-8.71268872016961,10.587301334760241,26.837527955898274,13.247145680086902,16.949068744081444,12.345090932475273,7.970205205796802,4.045611288474674,17.495858447477005,-4.2972455670051914,5.166716939085454,1.4794706856790683,-10.860011100182092,-12.17213984825397,14.585598234312585,-13.658285091476362
48,1,2.4,-45.615887665085914,-0.4920303358146185,-11.684148321236528,20.910098210756004,-13.74097613151163,0.5895480187515361,-14.705645286703351,-8.822064158762338,10.609852034632034,26.773812987012988,13.226000538033418,16.90743831168831,12.320734644403245,7.8961837662337615,3.954044514533109,17.417901948051956,-4.4984938708735385,5.078557122712276,1.2029868515674522,-10.949526469462135,-12.29030290516284,14.490256840320527,-14.183905648255262
49,1,2.45,-45.73656696250358,-0.516020447949856,-11.903915011513035,20.738546864003027,-13.926236748121966,0.49172647045153184,-14.905520027658575,-8.934446155663732,10.630588036245761,26.70804531249999,13.203983896417938,16.866086356026784,12.296567969812926,7.82205276227679,3.859969240539982,17.339216322544637,-4.706196160339815,4.987528791508801,0.9190264244858497,-11.038733923137148,-12.415758274152083,14.387778028634884,-14.69778986086369
50,1,2.5,-45.85761962317974,-0.5401860835702976,-12.129987480135611,20.562571251078722,-14.116037473450383,0.3901187817352323,-15.10819754887104,-9.049817218830384,10.649527884070316,26.640252976190467,13.18110694798753,16.825009300595227,12.27258715986396,7.747814360119044,3.7634150014172363,17.25981212797619,-4.920388542013896,4.893343101226108,0.6276941813522683,-11.12763453294275,-12.548759801143419,14.277899016675114,-15.199937729301599
51,1,2.55,-45.97895948636242,-0.5644867372562814,-12.362283257491143,20.382182970968984,-14.310349910389675,0.28468725120649196,-15.313565999692962,-9.168159856218924,10.666690122574629,26.570464021915583,13.157380885489161,16.784203568892046,12.248788465715819,7.673470725953727,3.6644113320868286,17.179699921367693,-5.141107122505659,4.795711207615348,0.32909489908468714,-11.216229370614414,-12.689561332058517,14.160357021860698,-15.69034925356899
52,1,2.6,-46.10050039129966,-0.5888819035881738,-12.600719873966597,20.197393622659682,-14.509145661832726,0.17539417746925778,-15.521513529476515,-9.289456575785948,10.682093296227606,26.498706493506475,13.13281690166977,16.74366558441558,12.225168138528147,7.599024025974025,3.5629877674706165,17.09889025974025,-5.368388008424937,4.694344266427564,0.023333354601092537,-11.3045195078877,-12.838416712819118,14.03488926161112,-16.169024433665903
53,1,2.65,-46.222156177239526,-0.6133310771462845,-12.845214859948975,20.00821480513666,-14.712396330672313,0.062201859127370085,-15.731928287573915,-9.413689885488079,10.695755949498192,26.42500843479438,13.107426189276381,16.703391770664233,12.201722429460432,7.5244764263730985,3.4591738424906,17.017393700114987,-5.602267306381627,4.588953433413899,-0.28948567518050794,-11.39250601649821,-12.99557978934692,13.901232953345875,-16.63596326959231
54,1,2.7,-46.34384068343004,-0.6377937525109445,-13.09568574582515,19.814658117385832,-14.920073519801306,-0.05492740521527395,-15.944698423337393,-9.540842293281983,10.707696626855295,26.349397889610394,13.081219941055991,16.66337855113636,12.178447589672231,7.449830093344147,3.35299909206865,16.935220799512983,-5.842781122985556,4.479249864325446,-0.6092574133421493,-11.480189968181477,-13.161304407563598,13.759125314484379,-17.091165761348204
55,1,2.75,-46.46546774911924,-0.6622294242625131,-13.352050061982077,19.616735158393034,-15.132148832112534,-0.17603131695480556,-16.15971208611915,-9.670896307124202,10.717933872767894,26.271902901785722,13.054209349755524,16.623622349330354,12.155339870323132,7.375087193080347,3.2444930511267103,16.852382114955347,-6.089965564846594,4.364944714913285,-0.9358770829657743,-11.567572434673046,-13.335844413390845,13.608303562446174,-17.534631908933594
56,1,2.8,-46.58695121355519,-0.6865975869812715,-13.614225338806747,19.414457527144172,-15.348593870498846,-0.30114757748729915,-16.376857425271417,-9.80383443497141,10.726486231704804,26.192551515151514,13.026405608122062,16.584119588744564,12.13239552257268,7.3002498917748895,3.1336852545867018,16.768888203463206,-6.343856738574637,4.245749140928538,-1.2692399071334108,-11.654654487708516,-13.519453652750407,13.448504914650705,-17.96636171234848
57,1,2.85,-46.70820491598591,-0.7108577352476146,-13.882129106686058,19.20783682262511,-15.569380237853032,-0.43031388820892147,-16.596022590146383,-9.939639184780209,10.733372248135048,26.111371773538963,12.9978199089025,16.544866692877434,12.109610797580387,7.22532035562093,3.0206052373705177,16.684749622057637,-6.60449075077949,4.121374298122319,-1.609241108927094,-11.741437199023366,-13.712385971563947,13.279466588517451,-18.38635517159288
58,1,2.9,-46.829142695659456,-0.734969363641838,-14.155678896006975,18.99688464382173,-15.794479537067978,-0.5635679505157114,-16.81709573009627,-10.07829306450721,10.738610466527525,26.02839172077921,12.968463444843849,16.505860085227276,12.086981946505901,7.150300750811681,2.905282534400108,16.59997692775974,-6.871903708071066,3.9915313422457004,-1.9557759114287947,-11.827921640353207,-13.914895215753205,13.100925801465877,-18.794612286666776
59,1,2.95,-46.94967839182386,-0.7588919667443008,-14.434792237156472,18.7816125897199,-16.023863371036484,-0.7009474658038783,-17.039964994473287,-10.219778582109058,10.742219431351145,25.94363940070346,12.938347408693119,16.46709618929249,12.06450522050865,7.075193243540305,2.7877466805974365,16.51458067759063,-7.146131717059191,3.8559314290498037,-2.308739537720541,-11.91410888343355,-14.127235231239837,12.91261977091547,-19.191133057570156
60,1,3.0,-47.06972584372717,-0.7825850391353129,-14.71938666052143,18.562032259305475,-16.257503342651418,-0.8424901354694754,-17.26451853262965,-10.364078245542359,10.744217687074837,25.857142857142854,12.907482993197291,16.428571428571423,12.042176870748293,7.0,2.668027210884354,16.428571428571423,-7.427210884353734,3.714285714285708,-2.668027210884354,-12.000000000000007,-14.349659863945575,12.714285714285715,-19.575917484303048
61,1,3.05,-47.18919889061742,-0.8060080753952406,-15.009350131684492,18.33828408794946,-16.495370960772178,-0.9881663867982482,-17.490606478667026,-10.511129596863064,10.744610545836252,25.76894124391233,12.875883474859421,16.390281560724425,12.019987847769826,6.924726249239029,2.546149761542445,16.341965882457373,-7.715125964928035,3.566418244831709,-3.0334839738584307,-12.085586160290063,-14.582297838155696,12.50589140806985,-19.94896556686543
62,1,3.1,-47.308011371742666,-0.8291205701043936,-15.304452357010845,18.111023856563193,-16.73743735812465,-1.1376775506344288,-17.717926905684898,-10.660690314524668,10.743350390447873,25.679118154761902,12.843570465206952,16.352219680059505,11.997907899659879,6.849389471726177,2.422124374291414,16.254805319940473,-8.009656307209305,3.4126046320748245,-3.404754149006031,-12.17081892854912,-14.824777391609842,12.288326865056177,-20.31027730525731
63,1,3.15,-47.42607712635094,-0.851882017843117,-15.604433478061289,17.88103618244316,-16.983673573401298,-1.2906576837118564,-17.946139871532296,-10.812473111079886,10.740376371390916,25.58776829342532,12.810567659523343,16.314378215046666,11.975901473890701,6.774010210785306,2.2959571922107074,16.167137166446828,-8.310529907988219,3.253233378529224,-3.781431878546698,-12.25563996752453,-15.076601640411269,12.0627126571068,-20.659852699478684
64,1,3.2,-47.543309993690286,-0.874251913191749,-15.909033636396657,17.649105682885818,-17.23405064529453,-1.4467408427643704,-18.174905434058125,-10.966190699081572,10.735627639146614,25.49498636363637,12.776898753092155,16.276749594155852,11.953933017934446,6.698609009740238,2.1676543583797283,16.07900884740259,-8.617474764055423,3.0886929867090913,-4.163111304699839,-12.339990939963688,-15.337273700663168,11.830169356083793,-20.997691749529576
65,1,3.25,-47.65962381300874,-0.8961897507305778,-16.2179929735778,17.41601697518761,-17.48853961249685,-1.6055610845258315,-18.4038836511114,-11.121555791082518,10.729043344196135,25.400867069128786,12.742587441196918,16.239326245857,11.931966979263322,6.623206411914893,2.037222015877866,15.990467788233893,-8.930218872201621,2.919371959128611,-4.549386569684984,-12.423813508613968,-15.606296688468738,11.591817533849259,-21.323794455409946
66,1,3.3,-47.77493242355436,-0.9176550250400197,-16.531051631165546,17.182554676645026,-17.747111513700695,-1.7667524657300575,-18.63273458054109,-11.27828109963551,10.720562637020741,25.305505113636364,12.707657419121077,16.202100598620135,11.90996780534941,6.547822960633113,1.9046663077844883,15.901561414366874,-9.248490229217495,2.7456587983019887,-4.939851815721632,-12.507049336222732,-15.883173719931314,11.348777762265279,-21.638160817119832
67,1,3.35,-47.88914966457517,-0.9386072307003559,-16.84794975072073,16.949503404554534,-18.00973738759852,-1.9299490431109305,-18.861118280196116,-11.436079337293329,10.710124668101628,25.20899520089285,12.672132382148177,16.165065080915163,11.887899943665005,6.472479199218746,1.7699933771790057,15.812337151227673,-9.572016831893649,2.5679420067433583,-5.334101185029219,-12.589640085537333,-16.167407911154044,11.10217061319392,-21.940790834659197
68,1,3.4,-48.002189375319226,-0.9590058622919244,-17.168427473804194,16.717647776212573,-18.276388272882777,-2.0947848734022863,-19.088694807925492,-11.5946632166088,10.697668587920035,25.11143203463203,12.63603602556175,16.128212121212123,11.865727841682144,6.397195670995657,1.6332093671408074,15.722842424242415,-9.900526677020856,2.3866100869669395,-5.731728819827282,-12.67152741930516,-16.458502378240176,10.853116658497285,-22.23168450802808
69,1,3.45,-48.113965395034555,-0.9788104143950989,-17.492224941976723,16.487772408915617,-18.54703520824593,-2.260894013337925,-19.315124221578174,-11.753745450134673,10.68313354695713,25.012910318587657,12.59939204464527,16.091534147980923,11.843415946873066,6.321992919287759,1.4943204207492684,15.63312465883726,-10.233747761389708,2.2020515414869024,-6.1323288623353065,-12.752653000273547,-16.755960237292918,10.602736470037456,-22.51084183722644
70,1,3.5,-48.22439156296922,-0.9979803815901533,-17.819082296799195,16.26066191996012,-18.82164923238043,-2.4279105196517676,-19.540066579003124,-11.913038750423798,10.666458695694182,24.9135247564935,12.562224134682282,16.055023589691558,11.820928706709964,6.246891487418836,1.353332681083792,15.543231280438313,-10.57140808179092,2.014654872817438,-6.535495454772757,-12.832958491189906,-17.059284604415517,10.352150619676543,-22.778262822254305
71,1,3.55,-48.33338171837124,-1.0164752584574543,-18.14873967983243,16.037100926642573,-19.100201383978728,-2.595468449077593,-19.76318193804932,-12.07225583002895,10.647583184612394,24.81337005208332,12.524555990956287,16.018672874813994,11.79823056866499,6.171911918712794,1.2102522912237887,15.453209714471711,-10.91323563501517,1.8248085834727164,-6.940822739359113,-12.912385554801595,-17.36797859571123,10.102479679276584,-23.03394746311166
72,1,3.6,-48.44084970048867,-1.0342545395773612,-18.48093723263726,15.817874046259426,-19.382662701733302,-2.7632018583492695,-19.98413035656575,-12.231109401502902,10.626446164192977,24.712540909090905,12.486411308750789,15.982474431818197,11.77528598021027,6.097074756493498,1.0650853942486478,15.363107386363637,-11.258958417853101,1.632901175966964,-7.347904858313882,-12.990875853855972,-17.681545327283246,9.854844220699704,-23.277895759798525
73,1,3.65,-48.54670934856955,-1.0512777195301766,-18.815415096774515,15.60376589610712,-19.669004224336575,-2.930744804200664,-20.202571892401338,-12.389312177398484,10.602986784917086,24.611132031249994,12.447813783349304,15.946420689174111,11.752059388818054,6.022400544084803,0.9178381332376944,15.272971721540173,-11.608304427095383,1.4393211528143226,-7.756335953856556,-13.068371051100407,-17.999487915234788,9.61036481580797,-23.5101077123149
74,1,3.7,-48.65087450186192,-1.06750429289621,-19.151913413805012,15.395561093482137,-19.95919699048104,-3.097731343365595,-20.418166603405098,-12.546576870268474,10.577144197266051,24.50923812229437,12.40878711003532,15.910504075351724,11.728515241960437,5.947909824810608,0.7685166512703887,15.18285014542748,-11.961001659532762,1.2444570165289761,-8.165710168206623,-13.144812809282264,-18.321309475669118,9.370162036463476,-23.73058332066075
75,1,3.75,-48.75325899961383,-1.0828937542558492,-19.4901723252896,15.19404425568095,-20.253212038859097,-3.263795532577884,-20.630574547425965,-12.702616192665676,10.548857551721,24.406953885957783,12.369354984092382,15.874717018821002,11.704617987109629,5.87362314199472,0.6171270914260703,15.09279008345171,-12.31677811195582,1.04869726962513,-8.575621643583546,-13.220142791148927,-18.646513124689434,9.135356454528306,-23.93932258483612
76,1,3.8,-48.853776681073306,-1.097405598189411,-19.82993197278911,15.0,-20.551020408163268,-3.42857142857142,-20.839455782312925,-12.857142857142858,10.518065998763149,24.30437402597402,12.32954110080395,15.839051948051939,11.680332071737794,5.799561038961031,0.4636755967841779,15.00283896103894,-12.675361781155289,0.8524304146169399,-8.985664522206847,-13.294302659447748,-18.974601978398994,8.907068641864548,-24.13632550484096
77,1,3.85,-48.9523413854884,-1.1109993192772265,-20.17096761544599,14.81400516618126,-20.852573867560466,-3.5917890789821243,-21.04456559501355,-13.009945302035764,10.484708688873766,24.20159324607684,12.289369155453628,15.803501291514458,11.65562194331713,5.72574405903341,0.30816831042407244,14.9130442036154,-13.036480663921829,0.6560449540186113,-9.39543294629597,-13.36723407692612,-19.305176757872637,8.686182039245914,-24.10844575022078
78,1,3.9,-49.04886695210716,-1.1236344120996336,-20.513194982729082,14.63580548374857,-21.157747108115494,-3.753562495054279,-21.246040188869788,-13.161114868811865,10.448724772534007,24.09870625,12.248862843324872,15.768057477678575,11.630452049319743,5.6521927455357,0.15061137542519987,14.823453236607143,-13.399862757046101,0.45992939034434244,-9.804521058070456,-13.438878706331401,-19.638228604071728,8.472631563092634,-24.08164597043382
79,1,3.95,-49.14326722017761,-1.1352703712369632,-20.856564921688857,14.464938904671307,-21.46639555136774,-3.91410167893423,-21.44411099632217,-13.310818624721538,10.410053400225166,23.99580774147728,12.20804585970113,15.732712935014206,11.604786837217844,5.5789276417918,-0.00898906513313591,14.73411348544034,-13.765236057318802,0.2644722261082819,-10.212522999749751,-13.509178210410937,-19.97384626292922,8.266114998736569,-24.055898141029402
80,1,4.0,-49.235456028947816,-1.1458666912695392,-21.201028279375794,14.300943380918824,-21.778374618856493,-4.073616632768399,-21.639009449811294,-13.459223637015192,10.368633722428356,23.89299242424243,12.166941899866003,15.697460091991339,11.578590754483614,5.505969291125538,-0.17062686817150308,14.645072375541119,-14.132328561530606,0.07006196382463514,-10.619032913553362,-13.578074251912113,-20.312118480378118,8.066330131509538,-24.031174237556925
81,1,4.05,-49.3253472176658,-1.1553828667777282,-21.546535902840393,14.143356864460465,-22.093539732121094,-4.232317358703092,-21.830966981777685,-13.606496972943194,10.324404889624887,23.790355002029216,12.125574659102995,15.662291377079931,11.551828248589231,5.4333382368607985,-0.33429589061049825,14.556377332335636,-14.500868266472132,-0.1229128939924351,-11.02364494170076,-13.645508493582287,-20.653134002351415,7.872974746743424,-24.007446235565787
82,1,4.1,-49.412854625579605,-1.1637783923418112,-21.8930386391331,13.991717307265603,-22.411746312700867,-4.390413858884742,-22.020215024661923,-13.752805699755925,10.277306052295948,23.687990178571418,12.083967832695578,15.627199218750008,11.524463767006807,5.361055022321416,-0.49998998937071804,14.46807578125,-14.870583168934076,-0.3140638448287163,-11.425953226411451,-13.711422598168884,-20.99698157478209,7.685746629770101,-23.984686110605374
83,1,4.15,-49.49789209193729,-1.1710127625421833,-22.24048733530435,13.84556266130354,-22.73284978213513,-4.548116135459672,-22.206985010904535,-13.898316884703792,10.227276360922694,23.58599265760281,12.042145115927283,15.592176045471447,11.496461757208564,5.2891401908313185,-0.6677030213728514,14.380215147710352,-15.241201265707176,-0.5030023861700599,-11.825551909904917,-13.775758228419186,-21.34374994360313,7.504343565921388,-23.962865838225024
84,1,4.2,-49.58037345598688,-1.1770454719591399,-22.588832838404652,13.704430878543683,-23.056705561963234,-4.70563419057428,-22.391508372946074,-14.043197595037206,10.1742549659864,23.48445714285714,12.000130204081628,15.557214285714295,11.467786666666683,5.217614285714291,-0.8374288435374169,14.292842857142851,-15.612450553582036,-0.6893400155022249,-12.222035134400649,-13.838457047080645,-21.693527854747483,7.32846334052914,-23.941957393974164
85,1,4.25,-49.66021255697642,-1.1818360151730403,-22.93802599548449,13.567859910955356,-23.383169073724467,-4.8631780263748965,-22.574016543227117,-14.18761489800648,10.118181017968261,23.38347833806818,11.957946792442087,15.52230636794846,11.438402942853273,5.146497850294246,-1.0091613127850536,14.206006334973608,-15.984059029349368,-0.8726882303110983,-12.614997042118127,-13.899460716900542,-22.046404054148166,7.157803738925239,-23.921932753402125
86,1,4.3,-49.73732323415396,-1.185343886764187,-23.288017653594324,13.435387710507946,-23.712095738958197,-5.020957645007922,-22.75474095418822,-14.331735860862093,10.058993667349505,23.283150946969705,11.915618576292246,15.487444720643943,11.408275033240571,5.075811427895019,-1.1828942860363796,14.119753006628791,-16.355754689799817,-1.0526585280824463,-13.004031775276808,-13.958710900626336,-22.40246728773816,6.992062546441524,-23.90276389205831
87,1,4.35,-49.811619326767534,-1.1875285813129395,-23.638758659784617,13.306552229170777,-24.043340979203727,-5.179183048619727,-22.93391303826992,-14.475727550854366,9.99663206461134,23.18356967329546,11.873169250915552,15.452621772270689,11.377367385300715,5.005575561840502,-1.3586216202119985,14.034130297534489,-16.727265531724086,-1.228862406302099,-13.388733476096249,-14.016149261005356,-22.761806301450424,6.83093754840985,-23.884422785492127
88,1,4.4,-49.88301467406519,-1.1883495933996358,-23.99019986110584,13.180891418913198,-24.37676021600038,-5.338064239356669,-23.111764227912747,-14.61975703523375,9.93103536023498,23.08482922077922,11.83062251159555,15.417829951298707,11.345644446505887,4.93581079545455,-1.5363371722325212,13.949185633116883,-17.09831955191283,-1.4009113624558793,-13.768696286795908,-14.07171746078495,-23.12450984121797,6.67412653016207,-23.866881409252926
89,1,4.45,-49.95142311529496,-1.1877664176046139,-24.342292104608447,13.05794323170457,-24.712208870887487,-5.497811219365133,-23.28852595555731,-14.763991381250591,9.862142704701668,22.98702429315476,11.788002053615699,15.38306168619792,11.313070664328222,4.866537672061007,-1.7160347990185656,13.864966438802092,-17.468644747156723,-1.5684168940295962,-14.143514349595236,-14.125357162712515,-23.490666652973776,6.521327277030025,-23.850111738890067
90,1,4.5,-50.01675848970489,-1.1857385485081764,-24.69498623734296,12.937245619514279,-25.049542365404392,-5.658633990791483,-23.46442965364414,-14.908597656155255,9.789893248492604,22.890249594155833,11.745331572259573,15.3483094054383,11.27961048623996,4.7977767349837634,-1.8977083574906999,13.781520140016234,-17.837969114246434,-1.7309904985090725,-14.512781806713761,-14.177010029535406,-23.86036548265081,6.372237574345583,-23.83408574995299
91,1,4.55,-50.07893463654303,-1.1822254806906827,-25.048233106359813,12.81833653431162,-25.388616121090394,-5.820742555782054,-23.639706754613783,-15.053742927198194,9.71422614208894,22.79459982751623,11.70263476281066,15.31356553748985,11.245228359713195,4.729548527546669,-2.08135170456962,13.698894162185468,-18.206020649972643,-1.8882436733801242,-14.876092800370948,-14.226617724000977,-24.233695076182084,6.226555207440612,-23.818775417991006
92,1,4.6,-50.13786539505741,-1.1771867087324566,-25.401983558709464,12.700753928065993,-25.729285559484822,-5.984346916483293,-23.81458869090679,-15.199594261629777,9.635080535971959,22.700169696969695,11.659935320552464,15.278822510822522,11.209888732220179,4.661873593073608,-2.266958697175859,13.617135930735927,-18.572527351126034,-2.039787916128553,-15.233041472786319,-14.274121908856657,-24.610744179500525,6.083977961646923,-23.804152718553574
93,1,4.65,-50.193464604496086,-1.1705817272138574,-25.756188441442408,12.584035752746729,-26.071406102127032,-6.149657075041489,-23.989306894963715,-15.346318726700357,9.552395580622886,22.607053906250023,11.617256940768456,15.244072753906245,11.173556051233007,4.594772474888387,-2.454523192229992,13.536292871093757,-18.937217214497274,-2.1852347242402033,-15.58322196617933,-14.319464246849734,-24.991601538539168,5.944203622296449,-23.790189627190003
94,1,4.7,-50.24564610410709,-1.1623700307152092,-26.11079860160913,12.467719960323187,-26.41483317055632,-6.316883033603052,-24.164092799225145,-15.494083389660375,9.466110426522867,22.515347159090894,11.574623318742269,15.209308695211035,11.136194764223859,4.528265716314934,-2.6440390466527433,13.456412408685068,-19.29981823687703,-2.324195595200873,-15.92622842276947,-14.362586400727633,-25.376355899230976,5.806929974720958,-23.77685811944969
95,1,4.75,-50.29432373313846,-1.1525111138168214,-26.46576488626007,12.351344502764732,-26.759422186312023,-6.486234794314367,-24.339177836131597,-15.643055317760172,9.376164224153207,22.425144159226193,11.53205814975729,15.174522763206845,11.097769318664973,4.462373860677076,-2.8355001173646386,13.377541968936,-19.66005841505598,-2.4562820264963676,-16.26165498477623,-14.40343003323769,-25.765096007508948,5.671854804252348,-23.76413017088204
96,1,4.8,-50.339411330838246,-1.1409644710990534,-26.8210381424457,12.234447332040695,-27.105028570933463,-6.6579223593217485,-24.514793438123636,-15.79340157825019,9.28249612399506,22.336539610389615,11.48958512909708,15.139707386363632,11.058244162028458,4.397117451298698,-3.0289002612863314,13.299728977272721,-20.0176657458248,-2.581105515612524,-16.5890957944191,-14.441936807127313,-26.157910609306033,5.538675896222458,-23.75197775703642
97,1,4.85,-50.38082273645449,-1.1276895971422292,-27.17656921721653,12.11656640012044,-27.451507745959994,-6.832155730771603,-24.691171037641826,-15.94528923838078,9.185045276529642,22.24962821631493,11.447227952045154,15.104854993151392,11.017583741786481,4.332517031503656,-3.224233335338397,13.223020859121348,-20.37236822597417,-2.698277560035141,-16.90814499391759,-14.478048385143829,-26.55488845055523,5.40709103596317,-23.740372853462226
98,1,4.9,-50.418471789235234,-1.1126459865266867,-27.532308957622995,11.997239658973328,-27.798715132930887,-7.009144910810317,-24.868542067126707,-16.09888536540231,9.083750832238188,22.164504680735924,11.405010313885015,15.06995801204004,10.975752505411258,4.268593144615799,-3.421493196441453,13.147465039908006,-20.72389385229475,-2.807409657250055,-17.218396725491168,-14.511706430034646,-26.956118277189546,5.276798008806303,-23.729287435708784
99,1,4.95,-50.45227232842851,-1.0957931338327853,-27.888208210715565,11.876005060568708,-28.146506153385513,-7.189099901584232,-25.04713795901887,-16.254357026565238,8.978551941601928,22.081263707386363,11.362955909900194,15.035008871499585,10.932714900374918,4.20536633395902,-3.620673701516125,13.073108945058841,-21.071970621577222,-2.908113304743072,-17.519445131359298,-14.542852604547093,-27.361688835141923,5.147494600083739,-23.71869347932552
100,1,5.0,-50.482138193282374,-1.0770905336408276,-28.244217823544716,11.75240055687592,-28.49473622886318,-7.37223070523973,-25.227190145758804,-16.411871289119905,8.86938775510204,22.0,11.32108843537415,15.0,10.888435374149651,4.14285714285716,-3.8217687074829882,13.000000000000007,-21.416326530612256,-2.9999999999999964,-17.8108843537415,-14.571428571428573,-27.771688870345386,5.018878595127305,-23.708562959861816
101,1,5.05,-50.50803815027828,-1.0565040349023604,-28.600289756134302,11.626076781345745,-28.843260621314002,-7.558633149343557,-25.408865542022028,-16.57151890622242,8.756229932280583,21.92078096741222,11.279426466239059,14.964925461835612,10.842891396705134,4.08107858984188,-4.024762493121408,12.92817053383537,-21.756757092633496,-3.0827971323409713,-18.0924318169388,-14.597400319328997,-28.18613152486676,4.890744652886887,-22.47962168091461
102,1,5.1,-50.53016067483143,-1.0340249040539433,-28.956380420401555,11.497135093354537,-29.19193395433112,-7.747946363143953,-25.592072991423656,-16.73308537465171,8.639180168922763,21.84356483886483,11.237968101021536,14.929785864598358,10.79611252800111,4.020013594276101,-4.2296010246455396,12.857592490380007,-22.09332788664654,-3.1566956584233594,-18.364298073578553,-14.620831140508603,-28.604727525308448,4.763274926784447,-21.27624530227241
103,1,5.15,-50.548749169590394,-1.009650761903309,-29.312447341237156,11.365789533760065,-29.54061069191852,-7.939695301309619,-25.776656819813738,-16.896279877092518,8.518372669874765,21.768282548701293,11.196706318896872,14.894583451704555,10.748141350494741,3.9596375507305197,-4.436220690128323,12.788222717126622,-22.426172008099947,-3.222002426738843,-18.62681695836963,-14.64180865313017,-29.027111994406706,4.63674844385995,-20.09843382393519
104,1,5.2,-50.5640470372038,-0.9833792292581975,-29.668448043531686,11.2322541434201,-29.889145298080102,-8.13340491850915,-25.962461353042336,-17.06081159622941,8.393941639982593,21.694865031265017,11.155634099040299,14.859320466570459,10.699020446643281,3.899925853775855,-4.644557877642647,12.720018061568062,-22.75542255244225,-3.2790242857790908,-18.880322306020858,-14.660420475356474,-29.45292005489776,4.511444231153348,-18.94618724590299
105,1,5.25,-50.57629768032024,-0.9552079269263274,-30.024340052175813,11.096742963192412,-30.23739223681983,-8.328600169411231,-26.1493309169595,-17.22638971474712,8.266021284092346,21.623243220899475,11.114744420627034,14.82399915261243,10.648792398904,3.840853897982811,-4.8545489752613875,12.652935371197081,-23.081212615122038,-3.3280680840357597,-19.12514795124119,-14.67675422535034,-29.88178682951792,4.38764131570462,-17.81950556817577
106,1,5.3,-50.58574450158832,-0.9251344757154811,-30.380080892060143,10.959470033934778,-30.58520597214164,-8.524806008684479,-26.337109837415277,-17.392723415330284,8.134745807050102,21.55334805194805,11.074030262832409,14.788621753246751,10.597499789734066,3.7823970779220843,-5.066130371057525,12.586931493506484,-23.403675291587856,-3.3694406700005324,-19.361627728739478,-14.690897521274504,-30.31334744100341,4.265618724553718,-16.718388790753533
107,1,5.35,-50.59263090365665,-0.8931564964333703,-30.735628088075323,10.820649396504962,-30.93244096804948,-8.721547390997543,-26.525642440259702,-17.55952188066357,8.000249413701916,21.48511045875422,11.033484604831614,14.753190511889734,10.54518520159074,3.7245307881643868,-5.279238453103872,12.521963275989059,-23.722943677288264,-3.4034488921651196,-19.5900954732246,-14.702937981291768,-30.747237012090494,4.1456554847406295,-15.642836913636295
108,1,5.4,-50.59720028917383,-0.8592716098877631,-31.09093916511197,10.680495091760754,-31.278951688547274,-8.918349271019082,-26.714773051342853,-17.72649429343166,7.862666308893907,21.418461375661373,10.993100425799923,14.717707671957676,10.491891216931208,3.6672304232804294,-5.493809609473409,12.457987566137575,-24.03915086767181,-3.4303995990211575,-19.81088501940546,-14.712963223564959,-31.18309066551542,4.02803062330532,-14.592849936824074
109,1,5.45,-50.59969606078846,-0.8234774368863924,-31.445971648060727,10.539221160559897,-31.624592597638976,-9.114736603417732,-26.90434599651474,-17.893349836319157,7.722130697472167,21.353331737012986,10.952870704912634,14.682175476866874,10.437660418212715,3.610471377840909,-5.709780228239026,12.394961211444802,-24.35242995818707,-3.4505996390603393,-20.024330201990914,-14.721060866256792,-31.62054352401447,3.9130231672877542,-13.56842786031682
110,1,5.5,-50.60036162114914,-0.7857715982370124,-31.80068306181224,10.397041643760161,-31.969218159328527,-9.310234342862163,-27.09420560162545,-18.059797692010818,7.578776784282738,21.289652477152472,10.912788421344963,14.646596170033675,10.382535387892496,3.554229046416566,-5.927086697473605,12.332841059403563,-24.662914044282598,-3.4643558607743365,-20.23076485568984,-14.72731852753013,-32.05923071032387,3.800912143727885,-12.569570684114566
111,1,5.55,-50.59944037290449,-0.7461517147473558,-32.15503093125709,10.254170582219345,-32.31268283761986,-9.504367444020993,-27.284196192525005,-18.225547043191263,7.432738774171675,21.227354530423284,10.87284655427215,14.61097199487434,10.326558708427804,3.49847882357804,-6.145665405250071,12.271583957506607,-24.970736221406955,-3.471975112654814,-20.43052281521114,-14.731823825547728,-32.49878734717991,3.6919765796656847,-11.596278408217298
112,1,5.6,-50.59717571870309,-0.7046154072251838,-32.50897278128596,10.110822016795218,-32.65484109651694,-9.696660861562869,-27.47416209506348,-18.39030707254512,7.284150871985162,21.166368831168832,10.833038082869507,14.575305194805196,10.269772962275816,3.4431961038961063,-6.365452739641299,12.211146753246759,-25.276029585008693,-3.473764243193486,-20.62393791526368,-14.734664378472353,-32.93884855731882,3.5864955021411546,-10.64855103262504
113,1,5.65,-50.59381106119357,-0.6611602964782151,-32.86246613678945,9.967209988345537,-32.995547400023696,-9.88663955015646,-27.663947635090906,-18.55378696275711,7.133147282569183,21.106626313732562,10.79335598631225,14.539598013242532,10.212220731893758,3.388356281941441,-6.586385088720249,12.151486294116765,-25.578927230536358,-3.470030100881978,-20.811343990556345,-14.735927804466812,-33.379049463476875,3.484747938194232,-9.726388557337764
114,1,5.7,-50.589589803024516,-0.6157840033141966,-33.21546852265822,9.823548537728023,-33.334656212144054,-10.073828464470349,-27.853397138457357,-18.715695896511875,6.979862210769824,21.048057912457914,10.753793243775633,14.503852693602695,10.153944599738871,3.3339347522847618,-6.808398840559782,12.09255942760943,-25.879562253438547,-3.461079534211976,-20.99307487579805,-14.73570172169389,-33.81902518839033,3.387012914864904,-8.829790982355487
115,1,5.75,-50.58475534684453,-0.5684841485408896,-33.56793746378287,9.680051705800544,-33.67202199688197,-10.257752559173284,-28.042354931012852,-18.875743056494073,6.824429861433202,20.990594561688305,10.714342834434902,14.468071479301955,10.094987148268373,3.2799069094967592,-7.031430383232845,12.034323001217537,-26.178067749163777,-3.4472193916751763,-21.169464405697617,-14.734073748316384,-34.25841085479543,3.293569459193108,-7.9587583076782025
116,1,5.8,-50.57955109530223,-0.5192583529660197,-33.91983048505406,9.536933533420815,-34.00749921824139,-10.437936788933825,-28.230665338607462,-19.033637625388366,6.666984439405397,20.934167195767202,10.674997737465368,14.432256613756607,10.035390959939534,3.2262481481481515,-7.255416104812291,11.976733862433875,-26.47457681316064,-3.4287565217632583,-21.340846414963977,-14.731131502497071,-34.69684158542845,3.2046965982188382,-7.113290533305918
117,1,5.85,-50.57422045104621,-0.4681042373973412,-34.27110511136238,9.394408061446605,-34.34094234022626,-10.613906108420665,-28.418172687091214,-19.189088785879417,6.507660149532427,20.878706749037995,10.635750932042228,14.396410340383,9.975198617209486,3.172933862809643,-7.480292393371059,11.919748858751205,-26.769222540877664,-3.4059977729678756,-21.507554738305988,-14.726962602398729,-35.13395250302564,3.120673358982046,-6.293387659238601
118,1,5.9,-50.56900681672507,-0.41501942264260094,-34.62171886759852,9.252689330735713,-34.67220582684051,-10.785185472302416,-28.604721302314193,-19.341805720651898,6.346591196660455,20.824144155844138,10.59659539734075,14.3605349025974,9.914452702535534,3.1199394480519658,-7.705995636982067,11.863324837662347,-27.062138027763435,-3.3792499937806753,-21.66992321043254,-14.721654666184158,-35.569378730323265,3.041778768522711,-5.499049685476322
119,1,5.95,-50.56415359498742,-0.3600015295095389,-34.97162927865307,9.111991382145881,-35.00114414208808,-10.951299835247763,-28.790155510126418,-19.491497612390496,6.183911785635544,20.770410350529097,10.557524112536228,14.324632543816136,9.853195798374898,3.0672402984457747,-7.93246222371819,11.807418646660047,-27.353456369266507,-3.3488200326934248,-21.82828566605252,-14.715295312016156,-36.00275539005757,2.9682918538807996,-4.730276612019008
120,1,6.0,-50.559904188481866,-0.30304817880589496,-35.32079386941666,8.9725282565349,-35.32761174997292,-11.111774151925307,-28.974319636377952,-19.63787364377982,6.019756121303729,20.717436267436263,10.518530056803847,14.28870550745551,9.791470487184782,3.0148118085618094,-8.159628541652353,11.751987133237137,-27.643310660835418,-3.3150147381977177,-21.982975939874784,-14.707972158057476,-36.43371760496481,2.9004916420962843,-3.9870684388666824
121,1,6.05,-50.556501999857005,-0.24415699133941615,-35.66917016477993,8.834513994760513,-35.65146311449895,-11.266133377003726,-29.15705800691884,-19.780642997504593,5.854258408511136,20.665152840909094,10.479606209318938,14.252756036931828,9.729319351422362,2.962629372970788,-8.38743097885746,11.696987144886371,-27.931833997918755,-3.2781409587852686,-22.134327866608245,-14.699772822470923,-36.86190049778126,2.8386571602090953,-3.2694251660193636
122,1,6.1,-50.55419043176144,-0.18332558791784948,-36.01671568963352,8.698162637680518,-35.972552699670146,-11.413902465151658,-29.338214947599145,-19.919514856249428,5.687552852103806,20.613491005291003,10.440745549256725,14.216786375661364,9.666784973544964,2.910668386243408,-8.615805923406405,11.642375529100534,-28.21915947596504,-3.2385055429477276,-22.282675280961765,-14.690784923419297,-37.286939191243164,2.7830674352592624,-2.5773467934770338
123,1,6.15,-50.55321288684378,-0.12055158934894905,-36.36338796886806,8.563688226152678,-36.29073496949043,-11.55460637103777,-29.51763478426891,-20.054198402699072,5.519773656927846,20.562381694925456,10.40194105579247,14.180798767060494,9.603909936009721,2.858904242950345,-8.844689763372116,11.58810913337242,-28.505420190422885,-3.196415339176781,-22.42835201764422,-14.681096079065373,-37.708468808086785,2.7340014942867157,-1.9108333212396929
124,1,6.2,-50.55381276775263,-0.055832616440426364,-36.709144527374164,8.431304801034763,-36.605864387963756,-11.687770049330656,-29.69516184277816,-20.1844028195381,5.351055027829325,20.51175584415585,10.363185708101419,14.144795454545452,9.540736821273946,2.8073123376623386,-9.07401888682746,11.534144805194806,-28.7907492367408,-3.152177195964107,-22.571691911364496,-14.670793907571952,-38.12612447104838,2.691738364331407,-1.2698847493073302
125,1,6.25,-50.55623347713659,0.010833709999943153,-37.05394289004248,8.301226403184529,-36.91779541909405,-11.812918454699005,-29.870640448976978,-20.309837289451195,5.1815311696543205,20.46154438732563,10.324472485358832,14.108778681532598,9.4773082117948,2.755868064950093,-9.303729681845375,11.480439392060482,-29.075279710367372,-3.106097961801378,-22.713028796831512,-14.659966027101785,-38.53954130286421,2.656557072433344,-0.6545010776800098
126,1,6.3,-50.56071841764426,0.0794497691644267,-37.39774058176363,8.173667073459782,-37.22638252688526,-11.92957654181146,-30.043914928715402,-20.43021099512304,5.011336287248902,20.411678258778245,10.285794366739943,14.07275069143818,9.413666690029558,2.7045468193843334,-9.533758536498773,11.426949741462238,-29.35914470675113,-3.0584844851802906,-22.852696508754104,-14.648700055817685,-38.94835442627052,2.628736645632479,-0.06468230635765337
127,1,6.35,-50.567510991924244,0.15001794024528436,-37.740495127428254,8.048840852718264,-37.531480175341315,-12.03726926533664,-30.21482960784347,-20.545233119238326,4.840604585459175,20.362088392857146,10.247144331420046,14.036713727678588,9.349854838435363,2.6533239955357004,-9.76404183886055,11.373632700892863,-29.642477321340674,-3.0096436145924876,-22.991028881841174,-14.63708361188246,-39.35219896400359,2.608556110968763,0.4995715646597034
128,1,6.4,-50.576854602625154,0.22254060243477625,-38.08216405192697,7.926961781817759,-37.83294282846619,-12.135521579943216,-30.38322881221126,-20.654612844481647,4.669470269131217,20.312705723905722,10.208515358574388,14.000670033670033,9.285915239469524,2.6021749879749905,-9.99451597700358,11.320445117845118,-29.92541064958454,-2.959882198529666,-23.12835975080159,-14.625204313458838,-39.75071003879965,2.596294495482198,1.038260535372089
129,1,6.45,-50.58899265239559,0.2970201349251411,-38.42270488015043,7.808243901616024,-38.130624950263794,-12.223858440299818,-30.54895686766881,-20.758059353537714,4.498067543111091,20.263461186267435,10.169900427378224,13.964621852828884,9.221890475589198,2.551075191272872,-10.225117339000846,11.267343839811808,-30.208077786931288,-2.9095070854834724,-23.265022950344257,-14.613149778709662,-40.143522773394984,2.5922308262127274,1.551384605779461
130,1,6.5,-50.60416854388416,0.3734589169086391,-38.762075136989246,7.692901252970842,-38.42438100473809,-12.301804801075086,-30.711858100066152,-20.85528182909119,4.326530612244902,20.214285714285715,10.131292517006798,13.92857142857143,9.157823129251682,2.5,-10.455782312925166,11.214285714285722,-30.490611828829458,-2.8588251239456177,-23.401352315178023,-14.60100762579771,-40.53027229052583,2.5966441302003034,2.038943775881826
131,1,6.55,-50.62252681760414,0.4517545473224871,-39.10023234733405,7.581147876739976,-38.71406545589301,-12.3688856169377,-30.871776835253346,-20.94598945382672,4.154993681378691,20.165110242303996,10.092684606635338,13.892521004313984,9.093755782914144,2.4489248087271633,-10.686447286849528,11.16122758875963,-30.77314587072766,-2.808143162407756,-23.537681680011808,-14.588865472885736,-40.910583011887354,2.6096763372479472,2.500938045679213
132,1,6.6,-50.64381656552763,0.5313855040835449,-39.43713403607549,7.473197813781212,-38.99953276773249,-12.424625842556281,-31.028557399080448,-21.029891410428995,3.983590955358565,20.11586570466571,10.054069675439173,13.856472823472814,9.029731019033854,2.3978250120250237,-10.917048648846752,11.108126310726313,-31.055813008074402,-2.757768049361573,-23.674344879554464,-14.576810938136536,-41.2840365550103,2.630920988210633,2.9373674151716003
133,1,6.65,-50.66768801749139,0.6117254848536717,-39.77273772810417,7.369265104952284,-39.28063740426048,-12.46855043259949,-31.182044117397506,-21.106696881582668,3.812456639030607,20.0664830357143,10.015440702593523,13.820429129464287,8.965791420068022,2.3466760044642925,-11.147522786989803,11.054938727678575,-31.338746336318263,-2.708006633298748,-23.811675748514887,-14.564931639712952,-41.65020383638432,2.659834526706341,3.3482318843590164
134,1,6.7,-50.693791403332185,0.6921481872947339,-40.10700094831075,7.269563791111018,-39.55723382948093,-12.50018434173596,-31.332081316054566,-21.176115049972395,3.641724937240866,20.016893169793192,9.97679066727364,13.784392165704674,8.901979568473848,2.295453180615688,-11.37780608935158,11.001621687109193,-31.6220789509078,-2.6591657627109377,-23.950008121601957,-14.553315195777706,-42.00865577249907,2.695873396353086,3.7335314532414117
135,1,6.75,-50.72177695288679,0.7720273090685623,-40.43988122158585,7.174307913115136,-39.82917650739776,-12.519052524634343,-31.47851332090169,-21.237855098282846,3.4715300548354833,19.967027041245792,9.938112548654729,13.748364175610277,8.838338046708571,2.244131935049907,-11.607834944004978,10.948132036510941,-31.905943947291572,-2.611552286089836,-24.08967583352456,-14.542049224493624,-42.35896327984418,2.73849404076892,4.093266121818829
136,1,6.8,-50.75129489599197,0.8507365478369664,-40.77133607282009,7.083711511822429,-40.09631990201493,-12.524679935963263,-31.6211844577889,-21.291626209198675,3.3020061966604644,19.916815584415588,9.89939932591215,13.712347402597402,8.774909437229446,2.1926876623376614,-11.837545739022893,10.894426623376624,-32.190474420918136,-2.5654730519271283,-24.231012718991558,-14.53122134402345,-42.70069727490932,2.787152903571773,4.427435890091232
137,1,6.85,-50.78199546248448,0.9276496012618125,-41.101323026904126,6.997988628090667,-40.35851847733638,-12.516591530391384,-31.759939052566292,-21.337137565404557,3.133287567561922,19.866189733645996,9.860643978221105,13.676344090082388,8.711736322493635,2.1410957570496763,-12.066874862478258,10.840462295199018,-32.475803467236055,-2.5212349087144545,-24.374352612711863,-14.520919172530022,-43.03342867418411,2.841306428379724,4.736040758058671
138,1,6.9,-50.81352888220112,1.0021401670049244,-41.42979960872856,6.91735330277762,-40.61562669736604,-12.49431226258735,-31.894621431083863,-21.37409834958516,2.965508372385976,19.81508042328042,9.821839484756836,13.64035648148149,8.648861284958421,2.089331613756613,-12.295758702443962,10.786195899470911,-32.762064181693894,-2.479144704943515,-24.520029349394306,-14.5112303281761,-43.35672839415821,2.900411058810704,5.019080725721096
139,1,6.95,-50.84554538497863,1.0735819427281683,-41.75672334318405,6.842019576741066,-40.86749902610786,-12.457367087219815,-32.02507591919169,-21.40221774442516,2.7988028159786325,19.763418587662343,9.78297882469463,13.604386820211047,8.586326907080995,2.037370627029233,-12.524133646992915,10.73158428368508,-33.0493896597402,-2.439509289105981,-24.668376763747844,-14.50224242912445,-43.67016735132128,2.963923238482778,5.276555793078522
140,1,7.0,-50.87769520065379,1.1413486260933823,-42.0820517551612,6.772201490838775,-41.11398992756578,-12.40528095895742,-32.15114684273982,-21.421204932609164,2.633305103186075,19.711135161135168,9.744054977209714,13.568437349687372,8.524175771318625,1.9851881914381906,-12.751936084198,10.676584295334308,-33.33791299682352,-2.4026355096935035,-24.819728690481284,-14.494043093537918,-43.973316462162956,3.0312994110139044,5.508465960130977
141,1,7.05,-50.909628559063364,1.2048139147623829,-42.405742369550666,6.708113085928488,-41.35495386574375,-12.337578832468804,-32.27267852757831,-21.4307690968219,2.469149438854245,19.65816107804234,9.705060921477362,13.532510313326718,8.462450460128494,1.9327597015542466,-12.979102402132177,10.621152781911384,-33.627767288392434,-2.3688302151978107,-24.974418964303567,-14.486719939579238,-44.26574664317288,3.1019960200221064,4.364004198323357
142,1,7.1,-50.940995690044126,1.263351506397008,-42.727752711243056,6.649968402868019,-41.5902453046457,-12.25378566242264,-32.3895152995572,-21.430619419748027,2.30647002782932,19.60442727272727,9.665989636672847,13.496607954545453,8.401193555967822,1.8800605519480484,-13.205568988868293,10.565246590909105,-33.919085629895505,-2.338400254110553,-25.13278141992352,-14.480360585411226,-44.547028810840715,3.175469509125371,3.3008747444614883
143,1,7.15,-50.97144682343285,1.3163350986591453,-43.048040305129035,6.5979814825151095,-41.81971870827558,-12.153426403487519,-32.50150148452655,-21.420465084072156,2.145401074957327,19.549864679533435,9.626834101971362,13.460732516759869,8.340447641293892,1.8270661371903643,-13.431272232479294,10.508822569820232,-34.21200111678128,-2.3116524749233704,-25.29514989205009,-14.475052649196648,-44.8167338816561,3.251176321941756,2.319077598545327
144,1,7.2,-51.00063218906629,1.363138389210576,-43.36656267609919,6.552366365727536,-42.043228540637315,-12.036026010332165,-32.608481408336395,-21.400015272478985,1.9860767850843999,19.494404232804236,9.587587296548243,13.424886243386247,8.280255298563873,1.7737518518518414,-13.656148521038062,10.45183756613757,-34.506646844498306,-2.2888937261279807,-25.461858215392095,-14.47088374909833,-45.074432772108686,3.328572902089199,1.4186127605748737
145,1,7.25,-51.02820201678122,1.4031350757131875,-43.6832773490442,6.513337093363077,-42.26062926573487,-11.90110943762513,-32.7102993968368,-21.368979167653215,1.828631363056573,19.437976866883126,9.54824219957868,13.389071377840907,8.220659110235005,1.7200930905032479,-13.880134242617515,10.394248427353908,-34.80315590849517,-2.2704308562160627,-25.63324022465844,-14.467941503279004,-45.31969639868812,3.4071156931857445,0.5994802305501565
146,1,7.3,-51.05380653641441,1.4356988558287895,-43.99814184885466,6.481107706279495,-42.471775347572176,-11.748201640035141,-32.8067997758778,-21.327065952279455,1.673199013719973,19.380513516113524,9.508791790237964,13.353290163540173,8.161701658764507,1.6660652477152524,-14.103165785290571,10.336012000962,-35.101661404220394,-2.2565707136792597,-25.809629754558017,-14.466313529901484,-45.55209567788405,3.4862611388494003,-0.13831999152886
147,1,7.35,-51.077095977802635,1.4602034272192128,-44.31111370042121,6.455892245334574,-42.67652125015317,-11.576827572230812,-32.89782687130945,-21.273984809042414,1.5199139419206418,19.32194511483887,9.469229047701347,13.317544843900322,8.103425526609648,1.6116437180585663,-14.325179537130111,10.277085134454666,-35.40229642712258,-2.2476201470092647,-25.991360639799712,-14.466087447128587,-45.77120152618612,3.5654656826981324,-0.7947879056621545
148,1,7.4,-51.09772057078265,1.476022487546345,-44.62215042863449,6.437904751386071,-42.8747214374818,-11.386512188880783,-32.98322500898179,-21.2094449206267,1.3689103525046349,19.2622025974026,9.42954695114409,13.281837662337665,8.045873296227583,1.5568038961039008,-14.546111886209069,10.217424675324672,-35.70519407265026,-2.243886004697778,-26.17876671509239,-14.467350873123042,-45.976584860083975,3.6441857683499563,-1.3699235118497342
149,1,7.45,-51.115330545191235,1.482529734472017,-44.93120955838513,6.42735926529177,-43.066230373562014,-11.176780444653687,-33.06283851474491,-21.133155469717032,1.220322450318065,19.201216898148168,9.38973847974139,13.246170862268514,7.989087550075567,1.5015211764219742,-14.765899220600296,10.156987471064824,-36.01048743625199,-2.2456751352364144,-26.37218181514494,-14.470191426047666,-46.16781659606728,3.7218778394229233,-1.8637268100915918
150,1,7.5,-51.12957613086515,1.4790988656580026,-45.238248614563744,6.4244698279094266,-43.250902522397745,-10.94715729421823,-33.13651171444882,-21.044825638998034,1.0742844402070588,19.138918951418958,9.349796612668612,13.210546687109193,7.933110870610875,1.4457709535834553,-14.984477928376762,10.095730369167875,-36.318309613376336,-2.2532943871169167,-26.571939774666223,-14.474696724065254,-46.34446765062566,3.7979983395349706,-2.2761978003877275
151,1,7.55,-51.14010755764117,1.4651035787662323,-45.54322512206099,6.429450480096818,-43.42859234799293,-10.697167692242978,-33.20408893394358,-20.94416461115437,0.9309305270176154,19.07523969155845,9.309714329100927,13.17496738027598,7.877985840290648,1.389528622159098,-15.201784397611341,10.033610217126636,-36.62879369947187,-2.2670506088308997,-26.77837442836517,-14.480954385338574,-46.506108940248794,3.8720037123041564,-2.6073364827381553
152,1,7.6,-51.14657505535607,1.439917571458487,-45.84609660576748,6.442515262711709,-43.599154314351516,-10.426336593396623,-33.26541449907924,-20.830881568870762,0.7903949155958756,19.010110052910065,9.26948460821363,13.139435185185192,7.823755041572184,1.332769576719592,-15.417755016376951,9.97058386243387,-36.94207278998712,-2.28725064887006,-26.991819610950614,-14.489052028030446,-46.652311381426294,3.943350401348461,-2.8571428571428577
153,1,7.65,-51.148628853846596,1.4029145413966262,-46.146820590573846,6.463878216611889,-43.762442885477455,-10.134188952347806,-33.320332735705854,-20.70468569483181,0.6528118107878882,18.94346096981723,9.229100429181962,13.103952345253127,7.77046105691268,1.2754692118356274,-15.632326172746474,9.906608152582372,-37.25827998037068,-2.3142013557261265,-27.21260915713147,-14.49907727030362,-46.78264589064783,4.011494850285857,-2.8571428571428577
154,1,7.7,-51.145919182949534,1.3534681862424804,-46.445354601370724,6.4937533826551,-43.91831252537466,-9.820249723765187,-33.36868796967346,-20.565286171722214,0.5183154174397089,18.875223376623374,9.188554771181195,13.068521103896117,7.718146468769326,1.2176029220779299,-15.845434254792842,9.841639935064954,-37.577548366071085,-2.348209577890703,-27.44107690161659,-14.511117730320908,-46.89668338440304,4.075893502734402,-2.8571428571428577
155,1,7.75,-51.13809627250165,1.2909522036579375,-46.74165616304875,6.532354801699142,-44.06661769804711,-9.484043862317364,-33.41032452683213,-20.412392182226633,0.38703994039745737,18.805328207671955,9.147840613386549,13.033143704530424,7.666853859599392,1.1591461020172034,-16.057015650588966,9.77563605737435,-37.900011042536896,-2.3895821638554935,-27.677556679114883,-14.525261026245072,-46.99399477918158,4.136002802312078,-2.8571428571428577
156,1,7.8,-51.124810352339715,1.21474029130475,-47.03568280049855,6.579896514601771,-44.207212867498725,-9.125096322673048,-33.445086733031886,-20.245712909029685,0.2591195845071965,18.7337063973064,9.106950934973312,12.997822390572395,7.616625811860111,1.1000741462241521,-16.26700674820772,9.708553367003368,-38.22580110521669,-2.4386259621121695,-27.922382324335196,-14.541594776238906,-47.07415099147309,4.191279192636884,-2.8571428571428577
157,1,7.85,-51.10571165230049,1.1242061468448412,-47.32739203861075,6.6365925622207484,-44.33995249773345,-8.742932059500841,-33.4728189141228,-20.064957534816127,0.13468855461503892,18.660288879870123,9.065878715116718,12.962559405438306,7.567504908008679,1.040362449269466,-16.475343935722023,9.640348711444801,-38.55505164955899,-2.495647821152417,-28.17588767198644,-14.560206598465236,-47.136722937767225,4.241179117326816,-2.8571428571428577
158,1,7.9,-51.08045040222075,1.0187234679400206,-47.61674140227599,6.702656985413874,-44.46469105275522,-8.337076027469386,-33.49336539595492,-19.86983524227053,0.013881055567019018,18.58500658970658,9.024616932992053,12.927356992544489,7.519533730502303,0.9799864057239134,-16.6819636012048,9.570978938191438,-38.887895771012396,-2.5609545894678902,-28.438406556777505,-14.581184111086802,-47.181281534553634,4.2851590199999166,-2.8571428571428577
159,1,7.95,-51.04867683193726,0.8976659522521118,-47.9036884163849,6.778303825038876,-44.58128299656799,-7.907053181247353,-33.50657050437828,-19.6600552140776,-0.10316870779077192,18.507790461159217,8.983158567774517,12.892217395307242,7.472754861798258,0.91892141015812,-16.886802132728945,9.500400894736046,-39.22446656502544,-2.634853115550257,-28.710272813417255,-14.604614932266411,-47.207397698321955,4.3226753442741455,-2.8571428571428577
160,1,8.0,-51.01004117128679,0.760407297442967,-48.18819060582811,6.8637471219535655,-44.689582793175695,-7.452388475503376,-33.51227856524294,-19.43532663292202,-0.2163265306122497,18.42857142857143,8.94149659863946,12.857142857142854,7.427210884353727,0.8571428571428541,-17.089795918367358,9.428571428571423,-39.564897127046684,-2.717650247891253,-28.991820276614558,-14.630586680166846,-47.21464234556184,4.353184533767532,-2.8571428571428577
161,1,8.05,-51.01004117128679,0.760407297442967,-48.18819060582811,6.8637471219535655,-44.689582793175695,-7.452388475503376,-33.51227856524294,-19.43532663292202,-0.2163265306122497,18.42857142857143,8.94149659863946,12.857142857142854,7.427210884353727,0.8571428571428541,-17.089795918367358,9.428571428571423,-39.564897127046684,-2.717650247891253,-28.991820276614558,-14.630586680166846,-47.21464234556184,4.353184533767532,-2.8571428571428577
162,1,8.1,-51.01004117128679,0.760407297442967,-48.18819060582811,6.8637471219535655,-44.689582793175695,-7.452388475503376,-33.51227856524294,-19.43532663292202,-0.2163265306122497,18.42857142857143,8.94149659863946,12.857142857142854,7.427210884353727,0.8571428571428541,-17.089795918367358,9.428571428571423,-39.564897127046684,-2.717650247891253,-28.991820276614558,-14.630586680166846,-47.21464234556184,4.353184533767532,-2.8571428571428577
163,1,8.15,-51.01004117128679,0.760407297442967,-48.18819060582811,6.8637471219535655,-44.689582793175695,-7.452388475503376,-33.51227856524294,-19.43532663292202,-0.2163265306122497,18.42857142857143,8.94149659863946,12.857142857142854,7.427210884353727,0.8571428571428541,-17.089795918367358,9.428571428571423,-39.564897127046684,-2.717650247891253,-28.991820276614558,-14.630586680166846,-47.21464234556184,4.353184533767532,-2.8571428571428577
164,1,8.2,-51.01004117128679,0.760407297442967,-48.18819060582811,6.8637471219535655,-44.689582793175695,-7.452388475503376,-33.51227856524294,-19.43532663292202,-0.2163265306122497,18.42857142857143,8.94149659863946,12.857142857142854,7.427210884353727,0.8571428571428541,-17.089795918367358,9.428571428571423,-39.564897127046684,-2.717650247891253,-28.991820276614558,-14.630586680166846,-47.21464234556184,4.353184533767532,-2.8571428571428577
165,1,8.25,-51.01004117128679,0.760407297442967,-48.18819060582811,6.8637471219535655,-44.689582793175695,-7.452388475503376,-33.51227856524294,-19.43532663292202,-0.2163265306122497,18.42857142857143,8.94149659863946,12.857142857142854,7.427210884353727,0.8571428571428541,-17.089795918367358,9.428571428571423,-39.564897127046684,-2.717650247891253,-28.991820276614558,-14.630586680166846,-47.21464234556184,4.353184533767532,-2.8571428571428577
166,1,8.3,-51.01004117128679,0.760407297442967,-48.18819060582811,6.8637471219535655,-44.689582793175695,-7.452388475503376,-33.51227856524294,-19.43532663292202,-0.2163265306122497,18.42857142857143,8.94149659863946,12.857142857142854,7.427210884353727,0.8571428571428541,-17.089795918367358,9.428571428571423,-39.564897127046684,-2.717650247891253,-28.991820276614558,-14.630586680166846,-47.21464234556184,4.353184533767532,-2.8571428571428577
